18.960; 72.820; 12622500;
28.670; 77.210; 10400900;
22.570; 88.360; 4852800;
12.970; 77.560; 4547300;
13.090; 80.270; 4466900;
23.030; 72.580; 3724300;
17.400; 78.480; 3654900;
18.530; 73.840; 2691000;
26.470; 80.330; 2682600;
21.200; 72.820; 2578400;
26.920; 75.800; 2462500;
26.850; 80.920; 2338500;
21.160; 79.080; 2173200;
22.720; 75.860; 1692400;
23.240; 77.400; 1519100;
30.910; 75.840; 1478000;
25.620; 85.130; 1458800;
22.310; 73.180; 1383700;
19.200; 72.970; 1336500;
27.190; 78.010; 1334900;
19.250; 73.160; 1264200;
25.320; 83.010; 1166200;
20.010; 73.780; 1141000;
28.990; 77.700; 1138100;
28.380; 77.300; 1117700;
22.580; 88.330; 1068700;
18.620; 73.800; 1066200;
25.450; 81.840; 1049200;
31.640; 74.870; 1033700;
17.730; 83.300; 1027200;
28.660; 77.410; 1026100;
22.310; 70.790; 1024100;
23.170; 79.940; 1008000;
11.010; 76.960; 977900;
9.920; 78.120; 977800;
34.090; 74.790; 948100;
17.670; 75.890; 924900;
19.890; 75.320; 924500;
23.360; 85.330; 896800;
26.290; 73.020; 896700;
26.230; 78.170; 876100;
16.520; 80.630; 874500;
30.750; 76.780; 856900;
26.190; 91.750; 856000;
15.360; 75.130; 832700;
10.810; 78.690; 790400;
8.510; 76.950; 789000;
12.310; 76.650; 786400;
19.110; 73.060; 745800;
31.330; 75.570; 742900;
28.360; 79.410; 741400;
25.180; 75.830; 737300;
11.670; 78.160; 734400;
27.890; 78.060; 707400;
20.270; 85.840; 685800;
28.840; 78.760; 679400;
26.760; 83.360; 661700;
21.240; 81.630; 641100;
19.300; 73.050; 634300;
10.020; 76.220; 631900;
22.790; 86.200; 604200;
21.210; 81.380; 586800;
20.950; 77.760; 582000;
20.470; 85.880; 566900;
28.030; 73.320; 560400;
18.010; 79.580; 560000;
19.290; 72.850; 551200;
16.310; 80.440; 545300;
21.790; 72.130; 541300;
23.500; 87.310; 522300;
23.690; 86.980; 515200;
16.700; 74.220; 514000;
26.450; 74.640; 514000;
19.230; 73.150; 501100;
26.730; 88.420; 498200;
29.970; 77.540; 479800;
30.340; 78.050; 474400;
22.470; 70.070; 474300;
22.890; 88.420; 468200;
16.860; 74.570; 462600;
11.260; 75.780; 462500;
19.170; 77.290; 456200;
23.190; 75.780; 455500;
17.340; 76.820; 453400;
8.730; 77.690; 435700;
20.560; 74.520; 433500;
20.710; 77.000; 423800;
15.860; 74.500; 423400;
12.880; 74.840; 422400;
23.780; 85.960; 417600;
22.610; 88.410; 415500;
24.580; 73.690; 412500;
22.510; 88.230; 412300;
24.810; 85.000; 406000;
25.450; 78.560; 406000;
14.460; 79.980; 401500;
32.710; 74.850; 400900;
21.010; 75.560; 390500;
14.460; 75.920; 385400;
8.890; 76.580; 382900;
22.690; 88.370; 369100;
11.090; 77.350; 367100;
20.900; 74.770; 361800;
25.260; 86.980; 360600;
22.440; 88.440; 356400;
10.520; 76.210; 336300;
15.140; 76.910; 335800;
29.480; 77.690; 335300;
22.350; 82.690; 334500;
22.670; 88.370; 333000;
17.020; 81.790; 332000;
19.100; 74.740; 325700;
26.130; 85.380; 323600;
30.320; 76.390; 320900;
13.110; 80.170; 320500;
18.410; 76.580; 317600;
27.500; 77.680; 316600;
27.880; 79.900; 315600;
19.960; 79.300; 315300;
28.600; 77.220; 312300;
28.580; 77.330; 311400;
17.490; 78.410; 307900;
23.720; 86.890; 307300;
16.960; 82.240; 307200;
19.320; 84.800; 306900;
18.680; 78.100; 304000;
28.900; 76.580; 303800;
23.240; 87.860; 302900;
28.820; 79.020; 298300;
25.350; 74.630; 296800;
27.150; 78.390; 295400;
13.930; 75.570; 290400;
22.520; 88.270; 287900;
15.830; 78.030; 283700;
26.160; 85.880; 282700;
22.090; 82.150; 280900;
13.010; 77.490; 279300;
17.430; 78.500; 277600;
29.390; 76.960; 277200;
22.650; 88.350; 277100;
27.560; 76.600; 275700;
19.270; 76.760; 274600;
16.690; 74.460; 272900;
29.160; 75.720; 272100;
22.640; 88.370; 265500;
13.340; 77.100; 263400;
16.830; 75.710; 260600;
18.800; 79.450; 249500;
19.850; 75.880; 249500;
23.850; 78.750; 246100;
25.210; 85.520; 245800;
22.720; 88.480; 245300;
21.200; 81.280; 244900;
13.120; 80.110; 244600;
22.970; 76.050; 244400;
23.710; 92.710; 243400;
27.400; 79.570; 241400;
13.630; 79.410; 241200;
17.430; 78.470; 239200;
24.580; 80.830; 238900;
22.240; 84.810; 238000;
23.350; 75.030; 234400;
14.700; 77.590; 234100;
11.940; 79.830; 233900;
22.640; 88.410; 233100;
11.940; 79.770; 230600;
30.170; 74.970; 230300;
24.790; 93.940; 230200;
28.990; 77.010; 229100;
8.810; 78.140; 228900;
10.790; 79.130; 228500;
22.910; 88.430; 228200;
28.730; 77.770; 224600;
13.160; 80.290; 224400;
26.780; 79.010; 224000;
29.930; 73.860; 223300;
29.690; 76.970; 223000;
25.960; 83.560; 222600;
8.180; 77.430; 220500;
22.340; 87.310; 220300;
22.250; 84.860; 218800;
16.210; 77.350; 217900;
25.160; 82.560; 217500;
27.230; 77.490; 216600;
17.470; 78.520; 216300;
18.450; 79.130; 215900;
19.200; 73.170; 215900;
25.560; 84.660; 215500;
22.470; 88.110; 214100;
13.010; 77.630; 213200;
23.800; 86.420; 210800;
22.740; 88.350; 209700;
10.360; 77.970; 208300;
23.300; 72.630; 207500;
21.330; 76.220; 205900;
22.700; 72.850; 204300;
16.720; 81.110; 201100;
30.140; 77.280; 200900;
23.840; 91.270; 200600;
25.790; 73.320; 198700;
12.970; 77.740; 198600;
25.390; 86.470; 198400;
23.850; 80.390; 197800;
23.840; 82.270; 196600;
27.610; 75.130; 195900;
19.430; 72.780; 195600;
16.190; 81.140; 194300;
24.530; 81.290; 194100;
28.590; 78.560; 193800;
25.780; 84.720; 189500;
12.920; 79.130; 188000;
9.500; 76.330; 187600;
28.410; 77.850; 186700;
25.550; 87.570; 185600;
17.550; 78.590; 185400;
29.980; 78.160; 185400;
18.120; 83.400; 184700;
28.470; 77.010; 183900;
21.050; 75.780; 182600;
17.920; 77.520; 182500;
21.830; 76.350; 182200;
25.780; 87.470; 181400;
22.080; 88.090; 180800;
22.910; 88.400; 180300;
28.810; 76.120; 179500;
26.230; 81.230; 179300;
21.520; 70.450; 178700;
27.580; 81.590; 178400;
22.570; 88.420; 177800;
22.850; 86.210; 176000;
25.620; 88.120; 175000;
14.750; 78.550; 174700;
28.910; 78.460; 174700;
28.760; 77.060; 173400;
15.280; 76.370; 173000;
22.890; 88.370; 171800;
25.010; 88.140; 171000;
13.840; 75.690; 169900;
24.100; 88.240; 169700;
29.530; 75.030; 169600;
25.760; 82.690; 169500;
32.270; 75.640; 169000;
17.370; 78.480; 168600;
11.760; 79.750; 168000;
17.250; 80.150; 167400;
19.810; 85.830; 167000;
22.710; 71.670; 165700;
15.630; 77.270; 165200;
22.700; 88.450; 164700;
15.440; 75.630; 164100;
21.470; 83.970; 163300;
26.570; 78.770; 162900;
22.330; 87.150; 162500;
12.840; 79.700; 162100;
13.220; 79.100; 162100;
27.570; 80.690; 160900;
15.490; 78.480; 160800;
25.930; 80.810; 160800;
28.740; 77.170; 160400;
11.350; 77.730; 160200;
26.510; 77.990; 159900;
17.480; 78.330; 159500;
28.680; 77.070; 159300;
22.660; 88.350; 159100;
16.240; 80.650; 158700;
15.500; 80.050; 158500;
21.710; 72.970; 157200;
31.530; 75.910; 157100;
28.040; 79.120; 156900;
25.430; 77.650; 155600;
13.030; 80.230; 154800;
26.550; 80.490; 153500;
26.780; 82.140; 153500;
22.760; 88.380; 152900;
12.990; 80.160; 152500;
21.100; 81.040; 152300;
17.290; 78.390; 151700;
24.830; 92.770; 150900;
31.110; 77.160; 150600;
12.970; 78.280; 149700;
20.920; 70.340; 149600;
30.700; 76.880; 149400;
10.970; 79.380; 148300;
25.990; 79.450; 147700;
30.380; 76.770; 147500;
23.410; 88.510; 147300;
23.260; 88.440; 146400;
18.990; 75.760; 146300;
12.930; 80.120; 145800;
16.550; 81.530; 145500;
24.650; 77.300; 145300;
29.310; 76.300; 144200;
26.170; 75.780; 143700;
25.230; 88.770; 143600;
25.470; 80.330; 142800;
20.960; 72.920; 142000;
21.650; 69.600; 141000;
25.570; 91.870; 140800;
12.540; 76.890; 139000;
24.960; 84.010; 138800;
16.740; 77.980; 138600;
10.780; 76.650; 138500;
22.560; 72.950; 138200;
25.640; 85.040; 138100;
12.240; 79.070; 138000;
29.620; 74.290; 137400;
23.700; 87.080; 137200;
29.230; 79.520; 136800;
23.240; 87.070; 136500;
11.620; 79.480; 135700;
22.840; 88.620; 135300;
24.010; 85.360; 134800;
31.820; 75.210; 134200;
22.950; 88.450; 133600;
23.070; 70.130; 133500;
14.480; 78.810; 133200;
23.530; 77.800; 132900;
13.830; 77.480; 132500;
30.820; 75.170; 132000;
22.950; 88.420; 131900;
28.570; 77.160; 131800;
30.140; 74.200; 131700;
22.740; 88.380; 131600;
28.640; 79.810; 131500;
25.880; 86.590; 131400;
26.100; 74.300; 131100;
22.780; 88.370; 130900;
27.600; 78.040; 130600;
30.780; 76.690; 130600;
23.260; 69.660; 130400;
20.410; 78.130; 130200;
23.620; 87.110; 130200;
14.230; 76.390; 129900;
27.490; 94.910; 129800;
22.070; 78.940; 129600;
27.140; 81.950; 129400;
9.460; 77.550; 129200;
22.770; 73.600; 129100;
21.470; 80.200; 128100;
28.750; 77.280; 127800;
27.950; 80.780; 127700;
29.980; 76.820; 127200;
28.690; 76.920; 127000;
28.490; 77.220; 126500;
25.680; 85.200; 126400;
22.800; 85.970; 126300;
24.910; 84.180; 126100;
19.470; 72.790; 126000;
17.380; 78.550; 125300;
13.010; 76.080; 124400;
15.180; 77.370; 124400;
29.810; 76.400; 124200;
19.340; 72.900; 123600;
26.810; 84.500; 123600;
24.070; 75.070; 123400;
22.730; 88.380; 123200;
26.580; 74.860; 123100;
23.420; 88.370; 121900;
23.340; 86.360; 120500;
13.140; 78.130; 120000;
22.680; 73.560; 120000;
22.710; 88.360; 120000;
13.350; 74.750; 119800;
22.660; 88.860; 119800;
28.920; 77.620; 119600;
27.420; 80.120; 119200;
16.440; 81.000; 118900;
23.850; 79.440; 118800;
23.860; 72.110; 118700;
24.700; 78.410; 118500;
22.760; 89.600; 118100;
20.750; 78.600; 117700;
21.900; 83.390; 117600;
17.060; 79.260; 117200;
24.170; 72.430; 116900;
18.300; 83.900; 116200;
10.390; 78.820; 115400;
22.820; 70.830; 115300;
19.680; 78.530; 114700;
22.790; 88.330; 114700;
26.230; 84.350; 114600;
17.700; 74.000; 114500;
24.470; 74.870; 113900;
26.350; 92.680; 113900;
27.050; 88.260; 113900;
25.920; 93.730; 113800;
21.260; 77.500; 113700;
27.570; 78.640; 113500;
26.800; 82.740; 113300;
30.540; 75.870; 113200;
17.500; 78.540; 112700;
30.350; 76.840; 112700;
23.050; 72.550; 112600;
21.490; 86.950; 112300;
22.840; 88.350; 112200;
26.070; 83.180; 111200;
18.240; 75.690; 111000;
22.950; 88.400; 110700;
21.750; 70.610; 110500;
26.510; 83.780; 110400;
19.000; 73.100; 110200;
28.460; 78.780; 109900;
14.420; 77.710; 109500;
22.810; 88.340; 109400;
30.710; 76.210; 109200;
16.820; 81.520; 108400;
25.760; 84.150; 108300;
23.050; 88.830; 108200;
26.660; 84.910; 107500;
22.630; 88.420; 107300;
30.180; 77.290; 107300;
13.320; 75.760; 107000;
28.190; 76.600; 106900;
28.150; 77.320; 106500;
28.130; 75.390; 106400;
26.530; 88.710; 106200;
11.670; 92.760; 106100;
22.180; 71.660; 106000;
23.250; 72.490; 106000;
26.260; 82.060; 106000;
12.800; 78.720; 105800;
24.920; 79.580; 105400;
11.750; 75.490; 105300;
23.600; 72.380; 104900;
24.190; 86.300; 104400;
28.260; 77.850; 104300;
24.490; 86.690; 104200;
13.550; 78.500; 103800;
19.150; 73.270; 103700;
28.310; 74.960; 103400;
26.030; 76.340; 103300;
22.750; 77.710; 103100;
15.420; 73.780; 102900;
29.870; 77.890; 102800;
23.650; 86.170; 102700;
26.470; 76.720; 102500;
25.320; 86.480; 102400;
23.460; 75.420; 102300;
30.390; 75.540; 102100;
21.970; 70.800; 101700;
24.890; 74.630; 101700;
31.220; 75.760; 101300;
11.950; 79.490; 101100;
30.920; 74.610; 101100;
25.590; 83.590; 100900;
22.040; 78.270; 100700;
10.380; 76.990; 100600;
16.240; 80.040; 100600;
21.950; 86.730; 100600;
17.150; 79.620; 100400;
26.500; 80.280; 100400;
21.380; 74.230; 100000;
11.420; 76.690; 99500;
22.620; 77.760; 99400;
25.420; 86.120; 98900;
13.100; 77.600; 98800;
15.440; 76.520; 98800;
29.020; 77.670; 98700;
29.220; 78.960; 98500;
22.650; 88.360; 98400;
10.800; 79.840; 98000;
27.810; 78.630; 98000;
21.060; 86.520; 97900;
20.560; 78.830; 97800;
26.700; 77.870; 97600;
18.400; 77.110; 97400;
16.190; 75.690; 97000;
21.050; 75.060; 96900;
12.950; 78.860; 96800;
17.680; 75.310; 96800;
27.100; 84.090; 96800;
23.210; 82.410; 96700;
20.460; 74.990; 96500;
23.200; 77.080; 96300;
28.710; 77.280; 95900;
16.870; 79.570; 95600;
21.610; 71.220; 95600;
19.850; 79.350; 95300;
16.100; 80.160; 95200;
29.460; 77.310; 95200;
22.100; 79.550; 95100;
14.620; 75.610; 94900;
23.790; 86.380; 94900;
27.240; 79.020; 94900;
18.800; 78.910; 94800;
29.500; 79.480; 94000;
20.700; 76.560; 93900;
18.840; 76.540; 93800;
22.340; 87.260; 93600;
25.300; 83.120; 93600;
25.450; 75.630; 93600;
27.210; 73.730; 93600;
10.670; 77.000; 93500;
27.120; 78.580; 93300;
23.030; 72.540; 92800;
9.190; 77.860; 92700;
10.780; 75.920; 92500;
21.230; 81.500; 92400;
22.480; 88.350; 92100;
14.910; 78.000; 91800;
10.070; 78.770; 91600;
21.830; 75.600; 91600;
29.100; 77.260; 90900;
23.540; 74.440; 90700;
26.110; 87.950; 90600;
27.500; 95.360; 90600;
10.020; 77.480; 90500;
12.690; 78.600; 90500;
15.840; 80.350; 90500;
20.710; 83.500; 90300;
23.790; 86.360; 90300;
21.180; 79.650; 90100;
22.560; 75.750; 90100;
23.640; 85.370; 90100;
26.740; 77.020; 89800;
17.690; 83.000; 89500;
21.230; 79.200; 89400;
31.380; 75.380; 89400;
11.110; 79.650; 89300;
12.720; 77.820; 89300;
9.510; 78.090; 89000;
27.700; 74.460; 88800;
11.120; 76.110; 88700;
25.750; 71.390; 88500;
23.680; 85.860; 88400;
24.260; 72.180; 88300;
21.920; 77.900; 88200;
27.050; 74.720; 88200;
22.770; 88.360; 88100;
26.550; 82.650; 88000;
30.470; 74.520; 88000;
25.580; 83.980; 87900;
25.670; 78.450; 87700;
30.480; 76.590; 87500;
24.880; 85.540; 87200;
9.540; 78.590; 87100;
20.710; 81.550; 87000;
22.980; 88.480; 86900;
23.760; 86.420; 86900;
25.220; 84.980; 86600;
29.700; 77.670; 86600;
28.450; 74.480; 86200;
19.630; 74.640; 86100;
21.100; 77.050; 85600;
21.740; 70.440; 85600;
30.590; 74.800; 85500;
18.170; 76.030; 85400;
22.320; 72.610; 85200;
18.500; 73.880; 85000;
11.380; 77.900; 84900;
25.250; 87.620; 84900;
17.560; 80.640; 84500;
12.720; 77.270; 84100;
24.750; 84.370; 84100;
29.380; 78.130; 84100;
22.840; 74.250; 83900;
29.620; 78.330; 83800;
25.300; 79.870; 83500;
30.250; 75.840; 83400;
23.300; 81.360; 83300;
25.670; 94.110; 83300;
15.280; 73.940; 83100;
27.990; 74.950; 83100;
14.920; 79.990; 83000;
25.100; 76.510; 83000;
25.180; 86.090; 82500;
13.080; 79.670; 82100;
21.790; 87.750; 82100;
21.820; 83.910; 81500;
10.920; 76.960; 81400;
13.020; 80.260; 81400;
23.680; 86.490; 81400;
26.330; 89.460; 81400;
18.570; 73.830; 81200;
18.860; 82.560; 81100;
15.730; 77.480; 81000;
10.960; 78.070; 80900;
14.120; 78.160; 80800;
22.830; 88.370; 80800;
11.610; 75.580; 80200;
29.110; 75.950; 80200;
21.870; 84.010; 80100;
9.080; 77.350; 80100;
22.480; 88.170; 80000;
22.600; 75.290; 80000;
26.940; 81.190; 79600;
14.520; 75.800; 79500;
21.800; 80.180; 79500;
24.470; 88.070; 78900;
25.400; 82.560; 78900;
10.930; 79.830; 78800;
28.780; 77.500; 78500;
19.120; 78.350; 78400;
19.090; 82.030; 78100;
21.350; 71.300; 78100;
20.320; 86.620; 78000;
10.010; 77.350; 77800;
23.630; 85.510; 77800;
9.520; 77.630; 77500;
25.480; 85.980; 77400;
26.500; 89.530; 77400;
29.400; 77.200; 77400;
9.590; 77.950; 77300;
24.680; 87.970; 77200;
11.400; 77.700; 76900;
29.980; 75.390; 76900;
20.260; 74.430; 76700;
14.050; 78.750; 76500;
22.700; 88.360; 76500;
27.430; 82.180; 76500;
9.460; 77.790; 76500;
30.680; 74.740; 76300;
25.920; 81.990; 76100;
13.300; 77.520; 75800;
23.650; 88.130; 75800;
27.060; 79.910; 75800;
18.660; 77.880; 75600;
20.370; 72.900; 75600;
24.050; 84.060; 75500;
29.450; 78.430; 75500;
30.230; 74.480; 75200;
13.760; 79.700; 75100;
26.520; 80.450; 75000;
23.000; 71.460; 74900;
21.100; 71.750; 74800;
17.000; 73.290; 74500;
16.470; 75.110; 74400;
18.880; 79.450; 74400;
28.440; 77.690; 74100;
19.720; 77.140; 73700;
24.470; 85.600; 73600;
8.400; 77.080; 73600;
14.150; 79.840; 73400;
18.730; 76.380; 73400;
29.110; 77.910; 73300;
11.430; 75.700; 73100;
20.620; 72.920; 72900;
12.100; 75.190; 72800;
23.190; 88.580; 72800;
17.600; 80.680; 72600;
24.740; 78.830; 72600;
29.140; 78.270; 72400;
15.910; 80.470; 72200;
21.630; 72.980; 72000;
12.240; 79.650; 71900;
27.650; 79.950; 71700;
32.040; 75.400; 71500;
12.030; 75.360; 71400;
30.410; 74.020; 71400;
10.460; 77.510; 71200;
16.180; 74.810; 71200;
28.720; 77.650; 71200;
10.030; 76.320; 71100;
19.910; 77.570; 71100;
22.820; 86.200; 71100;
11.180; 75.820; 70900;
16.750; 81.690; 70700;
24.920; 86.220; 70700;
19.060; 79.490; 70600;
23.160; 79.950; 70400;
26.760; 94.200; 70400;
11.300; 76.940; 70300;
26.370; 86.060; 70200;
18.970; 79.470; 70100;
26.500; 77.020; 70100;
23.130; 83.200; 69900;
23.710; 72.540; 69700;
23.670; 87.700; 69600;
11.440; 77.730; 69500;
12.340; 75.090; 69400;
10.430; 79.310; 69300;
13.400; 78.050; 69300;
9.170; 76.490; 69200;
10.740; 77.520; 69000;
12.540; 78.210; 68900;
18.400; 78.810; 68900;
26.470; 79.500; 68400;
12.130; 78.160; 68300;
18.320; 78.350; 68000;
26.030; 89.970; 67800;
11.860; 75.350; 67600;
23.640; 75.110; 67500;
21.340; 83.610; 67400;
22.560; 85.800; 67400;
12.660; 77.190; 67300;
28.090; 74.600; 67200;
33.730; 75.150; 67200;
21.310; 70.230; 67000;
10.050; 76.270; 66900;
14.820; 74.120; 66700;
20.540; 76.180; 66700;
20.100; 77.130; 66600;
8.960; 77.310; 66600;
12.700; 79.970; 66400;
23.850; 77.930; 66100;
28.040; 76.100; 65800;
9.370; 78.830; 65700;
19.570; 74.200; 65600;
23.080; 87.330; 65600;
30.380; 76.140; 65600;
34.200; 74.350; 65600;
23.910; 87.530; 65500;
21.350; 74.880; 65400;
22.330; 77.110; 65400;
22.730; 71.720; 65400;
25.830; 72.230; 65400;
18.110; 78.840; 65300;
23.120; 70.020; 65300;
26.880; 76.330; 65300;
30.390; 76.860; 65300;
10.670; 79.450; 65200;
15.780; 76.770; 64900;
28.220; 79.530; 64700;
20.900; 76.190; 64600;
12.680; 79.280; 64500;
21.250; 75.280; 64500;
11.920; 76.950; 64400;
12.500; 78.570; 64400;
19.910; 83.170; 64400;
28.300; 79.800; 64300;
9.600; 76.520; 64300;
26.150; 87.520; 64200;
26.480; 90.540; 64100;
20.480; 77.480; 63700;
30.780; 75.480; 63700;
9.180; 77.400; 63700;
19.880; 74.480; 63600;
29.520; 75.450; 63400;
9.940; 76.350; 63400;
30.120; 78.290; 63200;
19.340; 79.480; 63100;
26.810; 80.970; 63100;
16.440; 80.560; 63000;
11.510; 79.320; 62800;
32.930; 75.130; 62800;
11.400; 79.680; 62500;
10.580; 77.240; 62400;
15.500; 73.810; 62300;
16.770; 77.130; 62300;
14.620; 74.850; 62200;
17.870; 76.950; 62200;
9.740; 77.280; 62200;
18.690; 82.860; 62100;
18.780; 73.330; 62100;
28.780; 79.500; 62100;
11.070; 76.060; 62000;
16.450; 81.700; 62000;
29.280; 77.720; 62000;
15.730; 79.280; 61900;
25.520; 90.220; 61900;
17.050; 74.270; 61800;
26.920; 70.900; 61800;
23.600; 72.960; 61700;
26.630; 92.790; 61700;
28.080; 78.740; 61700;
11.600; 78.600; 61600;
16.410; 74.380; 61500;
29.320; 73.900; 61500;
17.230; 77.580; 61400;
16.510; 75.280; 61300;
19.180; 83.410; 61200;
20.670; 85.600; 61100;
24.570; 77.720; 61100;
28.570; 77.550; 60900;
19.320; 77.170; 60800;
30.950; 74.600; 60800;
16.520; 81.750; 60600;
11.210; 75.840; 60500;
27.640; 74.380; 60400;
10.980; 76.950; 60300;
9.390; 76.570; 60200;
17.630; 78.080; 60100;
26.610; 85.480; 60100;
20.110; 79.120; 60000;
25.900; 78.330; 60000;
27.580; 77.700; 60000;
16.070; 80.560; 59900;
22.420; 72.900; 59900;
25.400; 85.920; 59800;
27.850; 75.270; 59800;
10.780; 79.640; 59600;
23.310; 72.330; 59600;
15.350; 76.150; 59500;
17.290; 74.180; 59500;
22.880; 87.780; 59500;
23.100; 72.560; 59500;
27.170; 78.010; 59500;
8.610; 77.000; 59500;
25.580; 79.570; 59300;
14.800; 75.400; 59200;
18.750; 73.420; 59000;
25.070; 73.880; 59000;
25.850; 85.780; 58900;
31.450; 74.920; 58900;
23.150; 72.610; 58800;
11.780; 79.550; 58700;
30.660; 76.310; 58700;
21.750; 70.270; 58600;
29.520; 78.200; 58600;
11.460; 77.430; 58400;
21.120; 70.120; 58400;
22.980; 88.510; 58300;
25.670; 76.700; 58300;
13.470; 77.730; 58200;
22.130; 73.410; 58200;
10.980; 76.470; 58000;
20.170; 85.700; 57800;
26.470; 84.430; 57700;
26.990; 94.630; 57700;
27.240; 94.100; 57500;
14.700; 76.870; 57300;
23.470; 73.300; 57300;
18.820; 78.720; 57200;
26.120; 86.600; 57200;
29.770; 77.250; 57200;
23.810; 72.380; 57100;
11.800; 77.800; 57000;
22.740; 72.440; 57000;
28.080; 80.470; 57000;
29.950; 74.730; 57000;
10.910; 75.920; 56800;
17.360; 78.520; 56800;
23.920; 72.370; 56800;
9.170; 77.540; 56800;
23.730; 86.420; 56700;
24.200; 83.030; 56700;
25.400; 88.520; 56700;
17.060; 82.180; 56600;
15.250; 74.630; 56500;
24.620; 74.680; 56500;
28.720; 78.280; 56500;
34.300; 74.470; 56400;
22.450; 86.980; 56300;
23.130; 72.030; 56300;
25.600; 85.130; 56300;
11.230; 78.170; 56200;
13.270; 76.480; 56200;
27.980; 79.730; 56100;
15.690; 77.770; 56000;
20.070; 78.950; 56000;
29.350; 78.580; 56000;
26.270; 88.200; 55900;
12.500; 74.980; 55800;
19.680; 72.750; 55800;
16.050; 79.750; 55700;
17.560; 78.040; 55700;
22.120; 85.400; 55700;
11.450; 77.290; 55600;
12.150; 77.120; 55600;
20.780; 76.680; 55500;
24.420; 82.980; 55500;
24.850; 92.360; 55400;
23.220; 88.370; 55300;
25.840; 93.430; 55200;
16.980; 79.970; 55100;
21.120; 73.120; 55100;
15.970; 76.130; 55000;
21.520; 71.830; 55000;
9.450; 76.540; 55000;
21.630; 85.580; 54900;
17.820; 83.220; 54800;
10.650; 76.080; 54700;
22.670; 87.720; 54700;
9.860; 78.120; 54700;
29.700; 75.900; 54600;
16.230; 77.800; 54500;
16.400; 80.180; 54400;
18.150; 74.580; 54400;
28.420; 78.100; 54400;
20.820; 71.030; 54300;
21.160; 77.310; 54200;
22.480; 72.790; 54200;
23.800; 86.280; 54200;
24.200; 78.200; 54200;
20.780; 72.950; 54100;
26.090; 83.280; 54100;
28.020; 79.020; 54100;
30.130; 75.800; 54100;
16.580; 82.020; 53900;
25.240; 79.130; 53900;
17.980; 74.430; 53800;
30.650; 76.380; 53800;
25.980; 79.150; 53700;
27.170; 75.720; 53700;
29.620; 76.120; 53700;
17.130; 76.930; 53600;
19.950; 73.840; 53600;
20.680; 80.720; 53600;
24.170; 87.780; 53600;
27.150; 74.850; 53600;
26.650; 77.600; 53500;
12.910; 79.330; 53300;
16.780; 80.850; 53300;
17.120; 82.270; 53300;
23.950; 88.030; 53300;
27.150; 79.520; 53300;
16.370; 78.070; 53200;
17.350; 82.550; 53200;
18.830; 78.620; 53200;
23.240; 88.500; 53200;
11.360; 76.780; 53100;
14.170; 75.030; 53100;
15.220; 79.910; 53100;
18.570; 83.370; 53100;
21.730; 81.930; 53100;
23.430; 76.270; 53100;
27.720; 80.900; 53100;
13.750; 76.900; 53000;
18.770; 84.420; 53000;
26.150; 79.350; 53000;
12.800; 74.850; 52800;
12.970; 80.110; 52700;
21.550; 74.470; 52700;
27.600; 73.420; 52700;
18.780; 83.430; 52600;
20.850; 79.330; 52500;
26.800; 82.200; 52500;
19.360; 72.800; 52300;
10.770; 76.380; 52200;
30.370; 75.870; 52200;
24.450; 77.200; 52100;
9.480; 77.830; 52100;
14.320; 76.650; 52000;
16.480; 79.430; 52000;
26.300; 74.730; 52000;
21.680; 75.100; 51900;
25.200; 80.840; 51800;
26.180; 90.620; 51800;
11.580; 77.850; 51700;
13.970; 76.600; 51700;
27.080; 80.520; 51700;
29.130; 76.700; 51400;
20.350; 76.250; 51300;
22.580; 88.310; 51300;
25.480; 85.720; 51300;
10.300; 76.350; 51200;
18.530; 83.220; 51200;
25.580; 85.050; 51200;
12.100; 76.700; 51100;
30.980; 76.520; 51000;
8.720; 77.380; 51000;
12.770; 75.220; 50900;
18.550; 77.600; 50900;
24.600; 76.150; 50900;
28.630; 75.380; 50900;
29.150; 77.620; 50800;
27.500; 81.000; 50600;
25.630; 88.320; 50500;
17.520; 78.880; 50300;
22.740; 88.790; 50200;
22.880; 92.730; 50200;
24.250; 86.650; 50200;
24.480; 72.780; 50100;
27.820; 75.030; 50100;
12.930; 79.330; 50000;
21.100; 82.100; 50000;
24.230; 88.270; 50000;
9.000; 76.930; 50000;
16.870; 81.930; 49900;
29.400; 79.120; 49900;
11.070; 76.910; 49800;
12.540; 77.420; 49800;
18.160; 73.720; 49700;
21.700; 71.970; 49700;
25.350; 85.030; 49700;
29.320; 78.520; 49600;
30.150; 76.200; 49300;
11.470; 78.170; 49100;
17.530; 73.520; 49000;
23.430; 84.680; 49000;
9.900; 76.720; 49000;
22.950; 79.200; 48900;
22.770; 86.180; 48800;
23.860; 86.900; 48700;
22.300; 87.920; 48600;
22.600; 80.380; 48600;
20.100; 73.930; 48500;
25.550; 84.150; 48500;
24.420; 81.880; 48400;
24.720; 80.200; 48400;
27.800; 77.440; 48400;
13.150; 79.920; 48200;
23.780; 85.820; 48200;
9.320; 76.730; 48200;
20.670; 75.350; 48000;
28.280; 79.150; 48000;
10.960; 78.010; 47900;
17.080; 82.130; 47900;
26.430; 78.450; 47900;
25.500; 86.480; 47800;
9.690; 76.330; 47800;
25.920; 86.780; 47700;
22.350; 88.450; 47600;
24.270; 87.250; 47600;
28.600; 76.270; 47600;
28.820; 78.150; 47600;
25.350; 72.620; 47500;
27.130; 72.370; 47400;
28.080; 74.020; 47400;
10.980; 76.230; 47300;
17.680; 77.620; 47300;
27.390; 74.570; 47300;
9.570; 76.800; 47200;
11.920; 75.580; 47000;
13.370; 78.580; 47000;
19.970; 72.730; 47000;
26.920; 83.980; 47000;
23.720; 86.400; 46900;
29.330; 78.380; 46900;
11.770; 79.680; 46800;
17.880; 83.430; 46800;
22.830; 69.370; 46800;
22.620; 70.930; 46700;
13.170; 78.400; 46600;
15.870; 78.270; 46600;
19.150; 76.230; 46600;
29.220; 78.580; 46600;
12.300; 76.280; 46500;
20.300; 75.650; 46500;
22.220; 84.640; 46500;
23.020; 73.070; 46500;
23.220; 81.530; 46500;
28.030; 78.280; 46500;
16.520; 76.750; 46200;
17.720; 79.180; 46200;
15.120; 77.630; 46000;
11.890; 75.370; 45900;
28.690; 77.270; 45900;
9.520; 76.330; 45900;
9.830; 77.980; 45900;
15.820; 74.870; 45800;
16.920; 81.670; 45800;
20.030; 74.480; 45800;
22.040; 74.890; 45800;
29.960; 78.210; 45800;
13.330; 76.250; 45700;
11.500; 76.500; 45600;
16.800; 74.570; 45600;
25.150; 85.850; 45600;
10.240; 76.270; 45500;
18.770; 84.080; 45500;
27.070; 88.480; 45500;
15.630; 76.900; 45400;
17.670; 80.880; 45400;
26.120; 79.730; 45400;
28.600; 77.780; 45400;
30.250; 75.230; 45400;
13.200; 78.750; 45300;
27.870; 81.500; 45300;
29.790; 77.880; 45300;
18.720; 73.680; 45100;
20.520; 85.820; 45100;
11.700; 75.670; 45000;
13.000; 80.200; 45000;
13.050; 80.110; 45000;
16.350; 75.280; 45000;
20.170; 80.000; 45000;
23.400; 76.720; 45000;
23.830; 73.720; 45000;
25.280; 80.570; 45000;
11.150; 75.810; 44900;
11.510; 76.330; 44900;
12.030; 77.470; 44900;
17.600; 80.330; 44900;
21.330; 74.570; 44900;
17.330; 77.900; 44800;
20.230; 79.000; 44800;
29.180; 74.770; 44800;
8.730; 76.720; 44800;
24.100; 77.700; 44600;
10.120; 77.530; 44500;
10.770; 76.280; 44500;
21.380; 79.730; 44500;
24.220; 84.870; 44500;
26.300; 87.250; 44500;
14.800; 75.980; 44400;
18.070; 78.280; 44400;
18.470; 74.600; 44400;
27.300; 81.120; 44400;
17.280; 74.550; 44300;
25.240; 86.730; 44300;
22.870; 88.760; 44100;
21.220; 81.760; 44000;
25.050; 83.620; 44000;
18.790; 78.280; 43900;
20.500; 86.420; 43900;
12.940; 78.730; 43800;
16.020; 80.850; 43800;
22.750; 78.350; 43800;
26.980; 84.850; 43800;
11.320; 75.880; 43700;
16.850; 82.020; 43700;
27.730; 78.950; 43700;
22.500; 73.470; 43600;
24.630; 94.020; 43600;
26.320; 91.000; 43600;
29.580; 80.220; 43600;
13.380; 77.870; 43500;
19.100; 77.970; 43400;
21.470; 78.270; 43400;
9.890; 76.380; 43400;
21.600; 78.520; 43300;
22.320; 88.670; 43300;
27.110; 84.460; 43300;
27.470; 77.330; 43300;
9.950; 78.820; 43300;
31.370; 76.380; 43100;
20.980; 78.230; 43000;
24.330; 93.670; 43000;
14.830; 78.400; 42900;
21.020; 75.900; 42900;
31.310; 75.630; 42900;
18.950; 76.750; 42800;
28.870; 77.280; 42800;
15.420; 77.880; 42700;
17.530; 78.270; 42700;
27.200; 78.280; 42700;
26.650; 74.030; 42600;
29.320; 77.270; 42600;
15.600; 73.820; 42500;
27.720; 76.200; 42500;
9.870; 78.480; 42500;
22.570; 71.800; 42400;
26.880; 88.280; 42400;
28.980; 78.930; 42400;
32.370; 75.520; 42400;
19.040; 74.760; 42300;
25.280; 83.030; 42300;
16.900; 80.100; 42200;
19.470; 76.470; 42200;
23.050; 84.550; 42200;
26.780; 83.080; 42200;
28.850; 78.230; 42200;
23.020; 76.720; 42100;
25.280; 86.030; 42100;
25.480; 85.950; 42100;
13.040; 80.260; 41900;
16.600; 81.380; 41900;
18.820; 82.720; 41900;
23.670; 86.430; 41900;
20.670; 76.770; 41800;
30.750; 76.650; 41800;
13.900; 79.900; 41700;
23.950; 87.670; 41600;
25.000; 72.250; 41600;
16.730; 75.070; 41500;
17.020; 81.730; 41500;
20.120; 77.720; 41500;
21.500; 83.870; 41500;
20.180; 85.620; 41400;
22.030; 71.200; 41400;
23.820; 86.420; 41400;
28.630; 77.950; 41400;
29.280; 78.820; 41400;
28.620; 76.650; 41300;
9.870; 78.070; 41300;
25.920; 73.670; 41200;
26.230; 78.230; 41200;
22.050; 72.800; 41100;
26.750; 79.230; 41100;
12.970; 78.200; 41000;
22.060; 85.320; 41000;
11.450; 77.680; 40900;
13.700; 80.020; 40900;
16.780; 80.300; 40900;
26.170; 73.700; 40900;
29.380; 79.450; 40900;
8.780; 76.700; 40900;
13.180; 79.630; 40800;
20.730; 77.380; 40800;
21.610; 69.630; 40800;
27.170; 84.320; 40800;
27.700; 78.400; 40800;
22.120; 84.030; 40700;
25.200; 84.250; 40700;
27.950; 80.220; 40700;
22.680; 85.610; 40600;
25.400; 87.100; 40600;
25.520; 85.320; 40600;
27.530; 80.750; 40600;
27.900; 77.370; 40600;
9.830; 77.380; 40600;
15.780; 75.120; 40500;
17.530; 76.220; 40500;
25.220; 85.730; 40500;
25.580; 91.850; 40500;
10.520; 76.040; 40400;
19.620; 76.700; 40400;
20.850; 85.100; 40300;
23.170; 72.820; 40300;
26.600; 89.020; 40300;
9.280; 79.300; 40300;
22.050; 82.650; 40200;
25.030; 84.400; 40200;
18.420; 83.900; 40100;
22.200; 78.770; 40100;
22.600; 86.480; 40100;
22.920; 78.780; 40100;
23.480; 80.120; 40100;
23.870; 76.920; 40100;
17.620; 80.020; 40000;
20.150; 76.570; 40000;
25.320; 85.280; 40000;
9.270; 76.780; 40000;
26.100; 94.270; 39900;
15.980; 77.050; 39800;
16.730; 77.500; 39800;
20.850; 86.330; 39800;
20.830; 76.450; 39700;
21.270; 78.580; 39600;
25.620; 85.430; 39600;
16.370; 80.850; 39500;
22.190; 88.180; 39500;
22.590; 88.920; 39500;
23.040; 72.540; 39500;
10.080; 76.620; 39400;
16.950; 81.800; 39400;
28.250; 75.630; 39400;
28.520; 80.150; 39400;
30.170; 76.880; 39300;
15.780; 80.320; 39200;
19.920; 74.730; 39200;
24.830; 87.220; 39200;
24.930; 73.820; 39200;
22.570; 71.180; 39100;
24.180; 88.270; 39100;
11.700; 75.530; 39000;
12.900; 75.030; 39000;
27.030; 82.800; 39000;
11.730; 78.970; 38900;
12.940; 79.240; 38900;
24.180; 83.820; 38900;
30.200; 74.670; 38800;
17.770; 77.130; 38700;
20.730; 78.330; 38700;
22.200; 69.650; 38600;
23.750; 86.000; 38600;
24.770; 86.370; 38600;
26.720; 78.230; 38600;
10.250; 76.220; 38500;
13.070; 77.800; 38500;
28.950; 77.220; 38500;
21.120; 73.400; 38400;
23.200; 88.120; 38300;
22.650; 72.930; 38200;
24.630; 87.850; 38200;
12.540; 76.670; 38100;
22.230; 73.080; 38100;
23.840; 78.740; 38000;
25.190; 93.030; 38000;
26.120; 83.550; 38000;
12.380; 77.080; 37900;
18.700; 76.930; 37900;
20.420; 72.830; 37900;
27.120; 79.720; 37900;
28.880; 79.270; 37900;
10.600; 78.420; 37800;
15.880; 78.580; 37800;
24.420; 75.830; 37800;
26.020; 92.860; 37800;
27.480; 78.320; 37800;
8.680; 76.830; 37800;
14.970; 75.350; 37700;
23.330; 77.800; 37700;
27.180; 82.930; 37700;
12.560; 78.580; 37600;
14.480; 79.980; 37600;
17.620; 77.950; 37600;
24.880; 72.870; 37600;
26.170; 80.170; 37600;
15.400; 76.620; 37500;
24.030; 74.780; 37500;
24.880; 86.920; 37500;
9.680; 77.270; 37500;
17.570; 76.570; 37400;
26.280; 83.720; 37400;
26.460; 90.900; 37400;
29.200; 78.850; 37400;
9.590; 76.340; 37400;
11.370; 77.770; 37300;
12.670; 79.550; 37300;
18.030; 77.220; 37200;
29.120; 75.170; 37200;
20.950; 85.220; 37100;
21.230; 86.110; 37100;
28.450; 80.580; 37100;
21.870; 73.500; 37000;
27.140; 93.610; 37000;
16.480; 80.600; 36900;
20.880; 75.120; 36900;
26.750; 85.280; 36900;
28.220; 78.250; 36900;
24.940; 75.580; 36700;
26.400; 84.600; 36700;
9.640; 76.360; 36700;
17.080; 78.220; 36600;
19.480; 75.380; 36600;
29.800; 74.450; 36600;
19.380; 74.650; 36500;
20.270; 75.130; 36500;
21.200; 80.730; 36500;
25.680; 80.120; 36500;
28.610; 77.280; 36500;
31.280; 74.850; 36500;
20.930; 77.330; 36400;
24.270; 80.750; 36400;
25.930; 92.950; 36400;
10.170; 78.980; 36300;
23.100; 72.610; 36300;
26.130; 89.470; 36300;
22.180; 76.070; 36200;
25.310; 92.250; 36200;
25.970; 75.150; 36200;
26.030; 80.600; 36200;
30.920; 77.120; 36200;
13.720; 75.820; 36100;
14.420; 78.230; 36100;
18.620; 79.370; 36100;
19.600; 77.700; 36100;
25.780; 84.670; 36100;
16.050; 75.800; 36000;
22.620; 84.520; 36000;
23.720; 86.400; 36000;
20.470; 84.230; 35900;
22.470; 88.150; 35900;
22.520; 86.450; 35900;
25.130; 82.900; 35900;
26.420; 82.540; 35900;
10.050; 78.330; 35700;
11.520; 77.250; 35700;
16.620; 80.530; 35700;
22.950; 73.330; 35700;
25.030; 85.420; 35700;
21.020; 75.270; 35600;
21.340; 78.010; 35600;
22.230; 68.970; 35600;
29.150; 78.420; 35600;
29.450; 74.080; 35600;
10.220; 76.220; 35500;
11.910; 75.420; 35500;
26.900; 77.280; 35500;
29.980; 76.580; 35500;
10.200; 76.400; 35400;
15.130; 75.470; 35400;
17.030; 74.600; 35400;
23.130; 73.620; 35400;
25.700; 85.180; 35400;
28.800; 78.100; 35400;
11.950; 75.350; 35200;
12.900; 76.400; 35200;
16.950; 74.400; 35200;
19.180; 77.050; 35200;
23.760; 86.400; 35200;
12.700; 77.700; 35100;
26.680; 78.380; 35100;
28.280; 78.020; 35100;
29.380; 75.920; 35100;
25.050; 79.430; 35000;
26.510; 93.970; 35000;
10.230; 77.480; 34900;
29.280; 77.470; 34900;
30.470; 74.880; 34900;
16.430; 74.600; 34800;
21.910; 84.020; 34800;
23.870; 86.870; 34800;
20.570; 86.570; 34700;
23.800; 87.380; 34700;
26.380; 73.530; 34700;
29.450; 74.650; 34700;
19.120; 84.700; 34600;
23.670; 86.670; 34600;
26.680; 85.170; 34600;
8.570; 78.120; 34600;
8.710; 77.440; 34600;
13.220; 80.320; 34500;
15.720; 75.380; 34500;
17.980; 80.720; 34500;
20.580; 74.200; 34500;
20.780; 70.700; 34500;
16.270; 74.480; 34400;
17.670; 82.620; 34400;
22.020; 82.570; 34400;
21.050; 71.430; 34300;
22.980; 72.380; 34300;
24.570; 84.780; 34300;
27.900; 79.200; 34300;
12.420; 75.730; 34200;
22.840; 87.370; 34200;
23.570; 76.470; 34200;
25.470; 85.520; 34200;
20.950; 86.140; 34100;
22.700; 73.120; 34100;
24.700; 83.070; 34100;
11.230; 79.730; 34000;
23.660; 85.380; 34000;
23.830; 71.600; 34000;
24.640; 87.980; 34000;
30.050; 76.370; 34000;
19.250; 76.450; 33900;
25.950; 80.150; 33900;
27.800; 76.640; 33900;
28.570; 79.020; 33900;
10.700; 76.750; 33800;
14.950; 77.270; 33800;
22.290; 88.510; 33800;
23.500; 87.750; 33800;
24.050; 78.320; 33800;
25.250; 78.470; 33800;
13.970; 74.570; 33700;
15.950; 75.300; 33700;
21.170; 75.700; 33700;
21.480; 70.950; 33700;
22.020; 81.250; 33700;
27.050; 80.150; 33700;
10.370; 79.850; 33600;
11.230; 77.660; 33600;
13.000; 80.260; 33600;
18.000; 76.080; 33600;
19.850; 74.000; 33600;
27.450; 78.050; 33600;
18.100; 76.770; 33500;
21.470; 76.400; 33500;
26.900; 80.220; 33500;
11.860; 75.410; 33400;
14.180; 79.170; 33400;
14.270; 75.350; 33400;
17.170; 75.970; 33400;
17.180; 77.280; 33400;
19.700; 73.550; 33400;
31.120; 75.480; 33300;
13.970; 79.580; 33200;
16.730; 82.220; 33200;
25.020; 85.630; 33200;
26.350; 75.920; 33200;
26.780; 84.730; 33200;
30.970; 74.990; 33200;
11.210; 79.360; 33100;
20.630; 79.860; 33100;
23.700; 76.020; 33100;
26.330; 94.510; 33100;
9.370; 77.930; 33100;
26.410; 90.260; 33000;
27.570; 79.350; 33000;
27.720; 79.670; 33000;
29.580; 77.420; 33000;
17.930; 73.900; 32900;
25.420; 86.670; 32900;
26.240; 90.240; 32900;
11.170; 78.620; 32800;
11.270; 75.870; 32800;
15.470; 78.170; 32800;
23.040; 75.370; 32800;
23.680; 74.800; 32800;
24.650; 75.930; 32800;
31.120; 76.130; 32800;
16.380; 75.120; 32700;
18.250; 76.500; 32700;
22.830; 72.370; 32700;
24.710; 84.980; 32700;
26.020; 83.570; 32700;
30.830; 76.930; 32700;
13.070; 80.170; 32600;
13.570; 76.020; 32600;
22.830; 72.770; 32600;
23.220; 82.200; 32600;
24.380; 92.170; 32600;
27.650; 77.270; 32600;
20.270; 86.170; 32500;
21.480; 72.950; 32500;
12.460; 76.390; 32400;
22.770; 74.600; 32400;
23.600; 78.330; 32400;
28.550; 79.630; 32400;
29.620; 79.670; 32400;
13.620; 77.530; 32300;
21.530; 71.580; 32300;
28.920; 79.500; 32300;
9.230; 78.780; 32300;
9.870; 76.500; 32200;
11.020; 77.000; 32100;
13.020; 77.020; 32100;
13.110; 79.930; 32100;
19.620; 75.010; 32100;
23.110; 81.700; 32100;
8.830; 78.130; 32100;
13.120; 79.200; 32000;
17.830; 76.620; 32000;
18.750; 73.080; 32000;
25.630; 83.750; 32000;
28.630; 78.800; 32000;
29.550; 76.970; 32000;
10.070; 76.280; 31900;
20.920; 75.330; 31900;
23.660; 86.100; 31900;
24.550; 76.170; 31900;
26.830; 81.330; 31900;
28.280; 74.320; 31900;
30.340; 77.970; 31900;
10.150; 76.220; 31800;
17.070; 76.980; 31800;
21.130; 86.730; 31800;
28.400; 78.620; 31800;
16.330; 74.970; 31700;
17.120; 80.620; 31700;
18.900; 77.850; 31700;
19.930; 79.130; 31700;
21.170; 73.780; 31700;
23.420; 75.280; 31700;
26.420; 87.250; 31700;
27.170; 81.220; 31700;
16.750; 78.160; 31600;
18.600; 83.750; 31600;
23.780; 86.320; 31600;
25.150; 85.200; 31600;
25.870; 85.180; 31600;
29.230; 77.020; 31600;
11.230; 78.880; 31500;
21.270; 81.520; 31500;
12.500; 79.620; 31400;
24.670; 92.570; 31400;
26.250; 77.400; 31400;
26.290; 94.830; 31400;
26.320; 82.730; 31400;
9.700; 76.780; 31400;
9.970; 77.800; 31400;
11.180; 75.850; 31300;
11.820; 75.570; 31300;
16.270; 81.170; 31300;
16.700; 76.830; 31300;
21.930; 78.120; 31300;
22.370; 71.980; 31300;
22.850; 82.200; 31300;
23.830; 73.000; 31300;
27.730; 75.800; 31300;
29.190; 73.210; 31300;
12.930; 79.380; 31200;
17.830; 82.950; 31200;
22.400; 84.770; 31200;
13.450; 79.550; 31100;
8.490; 78.120; 31100;
14.550; 77.100; 31000;
19.300; 76.500; 31000;
22.530; 72.900; 31000;
23.080; 85.280; 31000;
25.850; 83.850; 31000;
27.430; 83.420; 31000;
9.970; 76.580; 31000;
10.980; 77.300; 30900;
11.430; 76.880; 30900;
11.780; 75.430; 30900;
27.340; 88.610; 30900;
12.520; 79.900; 30800;
26.600; 75.950; 30800;
15.820; 79.980; 30700;
19.600; 76.220; 30700;
21.550; 86.880; 30700;
22.550; 72.900; 30700;
29.040; 77.020; 30700;
9.170; 76.730; 30700;
10.330; 76.230; 30600;
25.430; 83.570; 30600;
24.480; 93.980; 30500;
25.540; 89.860; 30500;
27.100; 77.670; 30500;
13.630; 74.700; 30300;
15.350; 78.920; 30300;
16.580; 75.970; 30300;
20.280; 73.020; 30300;
23.870; 86.170; 30300;
19.270; 75.750; 30200;
23.200; 81.970; 30200;
24.120; 79.600; 30200;
27.470; 75.600; 30200;
27.250; 75.180; 30100;
28.320; 78.930; 30100;
29.280; 74.380; 30100;
9.270; 76.550; 30100;
11.000; 77.570; 30000;
24.720; 78.130; 30000;
26.450; 83.620; 30000;
26.570; 76.330; 30000;
26.920; 78.180; 30000;
15.730; 75.980; 29900;
16.330; 76.130; 29900;
16.730; 74.350; 29900;
22.890; 88.020; 29900;
25.730; 86.980; 29900;
26.200; 78.950; 29900;
26.270; 87.820; 29900;
10.180; 76.210; 29800;
13.170; 80.270; 29800;
17.430; 75.200; 29800;
25.640; 85.010; 29800;
27.380; 75.970; 29800;
8.970; 77.400; 29800;
12.000; 75.290; 29700;
14.100; 77.270; 29700;
20.880; 70.420; 29700;
23.480; 75.660; 29700;
25.480; 84.420; 29700;
19.230; 82.550; 29600;
23.430; 72.670; 29600;
28.330; 79.400; 29600;
30.620; 74.250; 29600;
10.930; 78.450; 29500;
11.130; 79.080; 29500;
11.270; 75.920; 29500;
11.270; 76.970; 29500;
25.300; 83.170; 29500;
27.720; 75.480; 29500;
13.000; 77.920; 29400;
16.920; 76.230; 29400;
20.300; 83.150; 29400;
21.280; 86.680; 29400;
28.930; 78.220; 29400;
29.540; 73.450; 29400;
10.350; 79.400; 29300;
18.670; 75.180; 29300;
20.320; 77.350; 29300;
23.700; 77.100; 29300;
25.630; 74.930; 29300;
26.110; 74.640; 29300;
27.950; 77.830; 29300;
14.420; 74.400; 29200;
15.100; 76.550; 29200;
17.540; 82.860; 29200;
19.970; 76.780; 29200;
21.500; 70.130; 29200;
27.170; 75.350; 29200;
27.630; 80.200; 29200;
28.250; 77.070; 29200;
29.420; 76.670; 29200;
30.080; 75.250; 29200;
25.750; 86.030; 29100;
27.320; 82.420; 29100;
34.170; 77.580; 29100;
12.840; 80.060; 29000;
22.070; 81.680; 29000;
23.300; 87.420; 29000;
24.420; 88.250; 29000;
25.750; 84.980; 29000;
12.250; 75.100; 28900;
16.170; 76.520; 28900;
26.280; 75.380; 28900;
27.020; 78.130; 28900;
11.950; 79.200; 28700;
16.690; 78.930; 28700;
21.330; 71.020; 28700;
23.080; 88.280; 28700;
26.570; 88.820; 28700;
28.680; 75.030; 28700;
12.780; 76.250; 28600;
17.120; 77.080; 28600;
18.830; 74.380; 28600;
28.130; 77.550; 28600;
9.700; 76.330; 28600;
22.320; 69.600; 28500;
23.770; 79.150; 28500;
25.120; 86.550; 28500;
25.650; 84.880; 28500;
25.670; 76.170; 28500;
31.720; 76.920; 28500;
19.600; 81.670; 28400;
23.530; 80.830; 28400;
25.150; 76.290; 28400;
27.250; 79.180; 28400;
8.970; 77.270; 28400;
14.630; 78.530; 28300;
18.330; 74.030; 28300;
21.970; 71.550; 28300;
27.880; 78.750; 28300;
13.120; 79.420; 28200;
21.390; 78.920; 28200;
10.130; 76.480; 28100;
11.050; 76.920; 28100;
20.020; 78.530; 28100;
27.050; 78.700; 28100;
12.600; 77.070; 28000;
21.520; 83.870; 28000;
23.480; 93.380; 28000;
11.800; 76.680; 27900;
13.670; 77.200; 27900;
18.620; 74.680; 27900;
28.030; 79.650; 27900;
16.480; 76.320; 27800;
21.050; 76.530; 27800;
22.220; 75.470; 27800;
22.450; 77.470; 27800;
27.130; 83.570; 27800;
28.370; 75.600; 27800;
9.700; 78.480; 27800;
10.920; 78.420; 27700;
16.020; 80.920; 27700;
16.480; 78.330; 27700;
19.770; 74.480; 27700;
21.350; 72.050; 27700;
24.050; 78.950; 27700;
29.030; 79.050; 27700;
29.300; 77.930; 27700;
19.620; 75.800; 27600;
28.330; 78.720; 27600;
30.450; 78.080; 27600;
18.720; 77.360; 27500;
21.250; 76.030; 27500;
23.630; 79.080; 27500;
30.550; 77.300; 27500;
15.920; 75.680; 27400;
19.780; 79.370; 27400;
24.760; 71.770; 27400;
10.900; 76.970; 27300;
13.080; 74.980; 27200;
13.650; 79.420; 27200;
14.680; 75.480; 27200;
15.320; 78.230; 27200;
15.430; 75.430; 27200;
25.330; 84.420; 27200;
34.420; 74.650; 27200;
8.670; 77.480; 27200;
16.670; 81.730; 27100;
18.920; 73.330; 27100;
20.970; 81.880; 27100;
22.550; 88.220; 27100;
24.030; 73.050; 27100;
28.620; 79.180; 27100;
12.500; 79.130; 27000;
17.440; 81.780; 27000;
22.230; 75.080; 27000;
25.850; 87.550; 27000;
26.220; 83.970; 27000;
26.330; 77.820; 27000;
30.800; 76.920; 27000;
15.400; 79.520; 26900;
16.230; 74.350; 26900;
18.300; 83.570; 26900;
23.930; 88.250; 26900;
26.880; 78.920; 26900;
27.400; 74.920; 26900;
29.750; 78.530; 26900;
30.380; 78.480; 26900;
9.330; 76.630; 26900;
26.260; 90.200; 26800;
27.180; 80.030; 26800;
13.110; 77.370; 26700;
20.520; 72.950; 26700;
21.900; 87.530; 26700;
22.300; 74.350; 26700;
23.780; 78.370; 26700;
25.750; 93.170; 26700;
25.880; 87.180; 26700;
29.850; 74.950; 26700;
13.200; 74.980; 26600;
19.050; 73.950; 26600;
23.300; 79.980; 26600;
24.300; 87.820; 26600;
31.450; 75.500; 26600;
12.970; 77.230; 26500;
13.470; 79.120; 26500;
14.770; 75.130; 26500;
17.850; 78.070; 26500;
18.620; 84.230; 26500;
21.570; 74.220; 26500;
22.920; 79.070; 26500;
23.780; 72.630; 26500;
24.830; 85.420; 26500;
25.450; 81.810; 26500;
25.450; 92.200; 26500;
27.230; 76.630; 26500;
27.300; 75.950; 26500;
27.900; 80.800; 26500;
18.420; 84.050; 26400;
22.270; 76.050; 26400;
26.470; 91.630; 26400;
29.400; 78.680; 26400;
30.320; 78.100; 26400;
11.640; 76.400; 26300;
19.630; 78.200; 26300;
19.670; 82.220; 26300;
22.220; 70.380; 26300;
23.570; 72.750; 26300;
25.150; 73.070; 26300;
26.820; 79.520; 26300;
29.820; 77.450; 26300;
8.570; 78.120; 26300;
19.200; 73.880; 26200;
22.600; 73.450; 26200;
22.630; 86.070; 26200;
26.980; 83.120; 26200;
30.150; 78.780; 26200;
30.650; 75.600; 26200;
11.770; 75.470; 26100;
26.050; 82.680; 26100;
20.480; 72.910; 26000;
25.970; 84.870; 26000;
26.800; 79.230; 26000;
27.020; 78.950; 26000;
28.700; 78.780; 26000;
20.270; 81.490; 25900;
25.180; 73.430; 25900;
28.680; 77.530; 25900;
28.970; 78.250; 25900;
10.700; 77.880; 25800;
11.030; 77.130; 25800;
13.330; 79.580; 25800;
15.000; 75.230; 25800;
20.020; 76.030; 25800;
21.650; 78.780; 25800;
22.200; 74.750; 25800;
23.020; 71.180; 25800;
25.900; 74.670; 25800;
26.250; 81.530; 25800;
17.690; 77.450; 25700;
18.080; 73.420; 25700;
23.630; 77.430; 25700;
27.500; 79.180; 25700;
13.320; 80.200; 25600;
21.680; 69.750; 25600;
27.130; 81.700; 25600;
10.110; 76.360; 25500;
22.750; 72.680; 25500;
26.270; 86.280; 25500;
11.910; 75.360; 25400;
13.270; 80.270; 25400;
28.280; 76.150; 25400;
31.530; 76.880; 25400;
8.380; 77.650; 25400;
13.650; 79.520; 25300;
20.400; 72.900; 25300;
23.030; 70.220; 25300;
24.000; 76.720; 25300;
24.820; 84.650; 25300;
26.430; 92.030; 25300;
27.290; 95.680; 25300;
28.820; 79.220; 25300;
16.580; 74.320; 25200;
18.650; 74.080; 25200;
22.750; 73.150; 25200;
23.400; 79.020; 25200;
25.400; 79.750; 25200;
29.700; 75.560; 25200;
31.170; 75.620; 25200;
12.600; 79.770; 25100;
12.600; 80.060; 25100;
21.170; 75.850; 25100;
28.370; 78.270; 25100;
15.530; 76.880; 25000;
16.500; 75.050; 25000;
22.570; 70.420; 25000;
27.530; 79.430; 25000;
28.130; 78.920; 25000;
29.070; 78.630; 25000;
29.620; 77.430; 25000;
25.470; 78.150; 24900;
26.090; 89.960; 24900;
29.930; 75.570; 24900;
8.170; 77.250; 24900;
10.450; 77.550; 24800;
12.450; 76.700; 24800;
15.010; 75.920; 24800;
24.530; 84.020; 24800;
28.070; 80.100; 24800;
10.130; 78.620; 24700;
10.300; 77.940; 24700;
19.500; 77.670; 24700;
20.320; 77.770; 24700;
22.180; 88.420; 24700;
12.300; 78.800; 24600;
12.330; 76.870; 24600;
12.970; 75.780; 24600;
13.120; 80.030; 24600;
13.230; 77.700; 24600;
16.080; 78.870; 24600;
18.470; 78.880; 24600;
18.470; 83.670; 24600;
18.880; 72.940; 24600;
20.320; 74.650; 24600;
21.740; 81.540; 24600;
26.450; 91.430; 24600;
26.850; 88.740; 24600;
27.300; 79.950; 24600;
11.570; 79.600; 24500;
18.350; 81.900; 24500;
22.980; 72.500; 24500;
25.020; 83.020; 24500;
28.800; 77.030; 24500;
10.230; 78.230; 24400;
10.700; 79.530; 24400;
18.380; 77.880; 24400;
18.580; 76.010; 24400;
22.320; 74.010; 24400;
24.680; 81.880; 24400;
25.620; 79.180; 24400;
26.670; 94.330; 24400;
30.830; 76.580; 24400;
9.980; 77.630; 24400;
11.150; 76.930; 24300;
13.330; 78.220; 24300;
13.350; 74.720; 24300;
21.750; 80.030; 24300;
22.030; 75.050; 24300;
25.680; 82.420; 24300;
25.900; 86.980; 24300;
27.350; 75.570; 24300;
15.900; 73.820; 24200;
19.170; 75.180; 24200;
21.670; 82.170; 24200;
24.670; 76.830; 24200;
25.970; 94.520; 24200;
27.870; 76.260; 24200;
28.030; 74.470; 24200;
9.800; 77.330; 24200;
10.530; 79.650; 24100;
18.080; 75.430; 24100;
24.400; 71.630; 24100;
29.520; 76.600; 24100;
10.400; 79.480; 24000;
14.820; 76.220; 24000;
24.480; 75.150; 24000;
9.680; 76.710; 24000;
9.770; 76.400; 24000;
13.620; 75.970; 23900;
20.780; 79.630; 23900;
21.400; 79.330; 23900;
25.220; 78.760; 23900;
29.130; 78.620; 23900;
31.930; 75.900; 23900;
12.670; 76.500; 23800;
13.790; 76.270; 23800;
21.170; 73.570; 23800;
22.200; 78.580; 23800;
23.950; 86.800; 23800;
27.600; 75.500; 23800;
29.980; 77.050; 23800;
13.430; 76.620; 23700;
22.700; 78.200; 23700;
25.720; 81.520; 23700;
26.730; 80.350; 23700;
11.200; 77.280; 23600;
11.500; 76.500; 23600;
19.190; 81.720; 23600;
20.070; 79.670; 23600;
23.440; 72.860; 23600;
26.920; 75.200; 23600;
15.570; 75.370; 23500;
23.280; 70.350; 23500;
24.520; 72.020; 23500;
31.020; 75.780; 23500;
11.090; 77.070; 23400;
19.680; 75.020; 23400;
24.600; 72.700; 23400;
25.270; 87.220; 23400;
25.380; 78.710; 23400;
26.820; 75.550; 23400;
