55.750; 37.620; 11102300;
59.930; 30.320; 4079400;
55.040; 82.930; 1434100;
56.850; 60.600; 1299700;
56.330; 44.000; 1266500;
53.200; 50.150; 1152200;
55.000; 73.400; 1109800;
55.750; 49.130; 1108100;
47.240; 39.710; 1107300;
55.150; 61.430; 1066300;
48.710; 44.480; 1025900;
54.780; 56.040; 1011100;
58.000; 56.250; 981200;
56.020; 93.060; 922500;
51.570; 46.030; 867600;
51.720; 39.260; 805600;
53.480; 49.510; 685900;
45.030; 38.980; 653300;
56.850; 53.230; 611100;
53.360; 83.750; 610800;
54.330; 48.400; 605100;
57.620; 39.870; 604000;
52.330; 104.240; 582200;
43.130; 131.900; 578100;
51.780; 55.100; 562200;
48.420; 135.120; 556900;
53.750; 87.100; 536800;
46.350; 48.050; 513400;
57.150; 65.530; 511500;
54.620; 39.740; 508700;
55.690; 52.320; 506700;
42.980; 47.500; 502000;
53.200; 45.000; 500500;
52.620; 39.620; 492900;
56.500; 84.970; 488300;
55.330; 86.080; 474800;
54.200; 37.610; 459700;
58.600; 49.660; 444100;
54.710; 20.500; 434700;
56.130; 47.250; 424400;
53.260; 34.420; 409900;
53.420; 58.970; 409800;
57.010; 40.990; 407400;
51.730; 36.190; 387000;
57.920; 59.970; 386700;
56.860; 35.890; 376400;
45.040; 41.970; 364400;
51.830; 107.620; 346400;
64.570; 40.530; 343500;
50.610; 36.590; 334800;
48.790; 44.770; 329100;
54.540; 36.270; 327700;
55.450; 65.330; 326500;
43.040; 44.680; 324400;
52.970; 36.080; 321500;
43.600; 39.730; 313900;
52.050; 113.460; 313300;
68.960; 33.080; 308100;
54.780; 32.040; 302600;
43.500; 43.620; 300700;
59.130; 37.900; 299800;
56.140; 40.400; 298300;
61.250; 73.420; 295800;
54.180; 45.180; 294200;
59.220; 39.900; 283100;
47.220; 38.910; 281300;
52.730; 41.430; 276500;
50.560; 137.000; 269600;
57.770; 40.930; 267300;
53.630; 55.950; 263500;
56.640; 47.870; 258200;
61.820; 34.330; 251300;
56.240; 43.460; 248800;
44.720; 37.770; 246900;
60.930; 76.570; 245900;
56.300; 101.710; 243900;
51.210; 58.630; 237000;
52.570; 103.910; 232300;
55.940; 37.290; 228200;
55.640; 51.820; 226700;
47.710; 40.210; 223900;
61.670; 50.810; 223700;
51.300; 37.840; 217900;
62.030; 129.730; 217800;
43.310; 45.700; 216100;
53.900; 86.710; 214800;
52.530; 85.170; 213200;
50.270; 127.530; 211200;
58.050; 38.830; 210700;
44.990; 41.120; 207000;
58.520; 31.280; 206000;
57.830; 28.330; 200300;
51.500; 46.120; 196200;
52.030; 47.780; 195800;
53.020; 158.650; 195700;
55.170; 59.650; 191800;
53.170; 48.470; 187800;
64.570; 39.830; 184300;
56.410; 61.930; 181600;
55.420; 37.540; 174300;
46.950; 142.740; 168000;
59.410; 56.770; 165100;
47.420; 40.090; 163800;
55.910; 37.730; 163500;
51.530; 81.200; 162400;
47.510; 42.150; 159600;
53.370; 55.920; 159600;
53.720; 91.430; 159500;
55.800; 37.950; 156800;
43.800; 132.010; 155600;
55.670; 37.890; 153000;
55.000; 60.090; 152600;
44.610; 40.110; 150600;
55.080; 38.780; 150500;
56.360; 41.320; 150000;
55.920; 37.820; 149500;
55.790; 38.440; 146600;
44.050; 43.060; 146400;
55.890; 37.440; 146400;
42.830; 132.890; 141300;
54.900; 52.310; 140300;
55.670; 37.290; 140300;
59.750; 30.600; 137100;
43.910; 42.720; 136100;
44.630; 41.950; 132500;
43.250; 46.590; 132000;
54.920; 37.410; 131200;
50.100; 45.400; 130400;
69.340; 88.220; 129800;
54.090; 38.220; 129700;
56.910; 59.950; 128600;
43.210; 44.800; 127400;
56.080; 54.270; 126300;
56.120; 47.500; 126200;
54.250; 49.550; 124700;
55.820; 38.980; 121200;
55.850; 38.440; 118400;
55.900; 38.020; 118300;
55.570; 42.040; 117400;
56.320; 38.130; 115800;
56.280; 90.500; 115700;
61.080; 72.700; 115300;
52.600; 38.510; 114000;
47.140; 39.750; 113900;
44.290; 42.060; 113300;
53.110; 49.930; 110200;
54.660; 86.160; 110100;
42.060; 48.290; 109000;
55.380; 43.820; 107300;
55.750; 38.000; 107000;
54.470; 53.460; 106700;
51.710; 94.380; 105400;
55.550; 38.250; 105400;
63.560; 53.690; 104000;
51.210; 58.320; 103500;
56.610; 84.830; 103200;
53.980; 86.650; 103000;
55.100; 36.610; 102800;
46.320; 44.210; 102500;
47.750; 39.940; 101000;
56.470; 53.800; 100200;
55.840; 48.660; 100100;
53.690; 88.060; 99400;
56.200; 95.710; 99300;
59.610; 60.580; 98900;
51.550; 43.170; 98800;
59.640; 56.750; 98800;
66.090; 76.510; 98500;
56.340; 30.530; 97600;
63.170; 75.620; 97200;
57.040; 53.990; 96700;
58.140; 52.660; 96400;
58.000; 102.660; 95800;
57.250; 60.080; 95700;
55.830; 37.330; 94300;
55.760; 60.700; 93900;
56.250; 93.530; 92700;
54.550; 52.800; 92600;
52.350; 35.410; 92400;
59.570; 30.130; 92300;
57.440; 42.130; 91000;
58.200; 68.270; 89500;
59.570; 150.800; 89200;
54.760; 83.080; 89100;
55.380; 43.830; 88900;
58.550; 50.040; 88200;
46.700; 38.270; 87600;
52.900; 40.500; 87400;
53.120; 46.600; 87300;
52.780; 52.260; 87100;
51.280; 37.390; 85800;
55.720; 84.890; 84800;
42.880; 47.640; 84500;
56.780; 54.150; 83300;
54.420; 86.300; 83100;
47.110; 39.410; 82900;
52.760; 103.630; 82800;
54.100; 61.570; 81900;
59.720; 30.420; 81500;
56.080; 86.040; 81200;
55.490; 38.350; 80600;
55.760; 37.860; 80500;
56.340; 36.700; 80200;
67.500; 64.000; 79600;
60.700; 28.750; 78800;
48.320; 40.260; 78700;
55.150; 37.480; 77900;
45.440; 40.580; 77200;
55.310; 38.700; 77000;
44.040; 42.850; 76600;
44.210; 43.130; 76500;
56.080; 63.640; 75500;
55.390; 36.740; 75300;
48.800; 132.950; 74600;
56.000; 37.830; 74300;
44.150; 43.470; 73700;
55.110; 61.650; 73000;
57.020; 61.460; 72800;
53.710; 91.690; 72400;
51.370; 42.090; 71300;
52.030; 47.380; 71300;
56.150; 69.450; 70600;
55.930; 37.510; 70000;
53.460; 56.040; 69800;
53.970; 58.400; 69600;
55.760; 52.070; 69400;
52.980; 49.720; 69300;
56.110; 94.590; 69000;
54.600; 53.700; 68700;
53.830; 91.220; 68500;
59.900; 29.120; 68500;
44.790; 44.140; 68000;
58.110; 57.790; 67700;
48.060; 39.940; 66800;
42.830; 47.120; 66300;
54.520; 37.090; 66200;
55.380; 39.030; 66100;
52.760; 32.230; 65900;
43.760; 44.010; 65200;
45.250; 38.120; 65100;
56.140; 44.190; 64600;
57.430; 56.950; 64500;
59.790; 60.480; 64300;
54.600; 52.450; 64000;
56.440; 60.190; 64000;
45.850; 40.130; 63800;
44.110; 39.070; 63700;
56.010; 37.480; 63100;
52.970; 55.920; 63000;
58.240; 92.480; 62800;
55.620; 40.670; 62700;
43.320; 45.040; 62400;
56.670; 124.710; 62300;
45.140; 42.000; 62100;
52.770; 55.780; 62000;
56.400; 38.720; 62000;
50.920; 128.470; 61900;
54.900; 38.070; 61900;
53.130; 46.580; 61700;
56.350; 37.520; 61500;
43.360; 132.180; 61400;
51.140; 38.510; 61400;
50.060; 43.220; 61300;
54.120; 54.120; 61100;
55.960; 43.090; 61000;
55.360; 50.640; 60900;
46.470; 41.540; 60700;
59.640; 33.510; 60700;
44.630; 40.740; 60600;
56.810; 59.930; 60400;
53.400; 83.960; 60300;
55.320; 42.170; 60200;
59.890; 29.900; 60200;
44.160; 133.280; 60000;
67.570; 33.390; 59900;
52.700; 58.650; 59800;
55.780; 38.650; 59800;
56.350; 44.090; 59600;
56.970; 60.580; 59600;
54.640; 83.290; 59400;
56.260; 34.330; 59300;
54.010; 37.510; 59000;
53.980; 38.170; 58900;
56.180; 36.980; 58900;
56.850; 41.360; 58800;
51.400; 128.130; 58600;
56.750; 37.150; 57900;
61.000; 69.000; 57500;
55.850; 48.510; 56600;
62.030; 74.500; 56500;
61.260; 46.660; 56200;
44.920; 37.980; 56100;
55.360; 37.530; 56100;
53.950; 32.860; 55900;
69.500; 88.450; 55700;
50.050; 118.020; 55500;
59.460; 32.020; 55500;
50.980; 39.560; 55400;
53.160; 103.070; 55200;
55.210; 34.290; 55200;
58.400; 33.900; 54700;
45.620; 38.950; 54500;
51.960; 85.960; 54300;
69.070; 33.420; 54000;
56.490; 43.590; 53800;
44.770; 39.870; 53400;
57.580; 34.560; 53100;
56.010; 90.380; 52800;
53.650; 52.430; 52600;
44.890; 37.320; 52500;
55.950; 38.050; 52300;
55.430; 37.750; 52200;
55.970; 37.920; 52000;
58.650; 59.800; 51900;
55.580; 37.900; 51700;
43.850; 46.720; 51500;
52.420; 37.600; 51500;
55.550; 37.710; 51400;
58.070; 55.750; 51400;
56.090; 60.730; 51300;
62.140; 65.390; 50300;
54.560; 100.570; 50000;
61.050; 76.100; 49900;
58.050; 60.550; 49800;
56.870; 37.350; 49500;
55.070; 32.670; 49300;
55.040; 59.040; 49200;
53.420; 49.500; 49100;
59.370; 28.600; 49000;
58.290; 57.820; 48800;
62.090; 77.230; 48600;
44.600; 132.820; 48400;
67.920; 32.820; 48400;
53.720; 84.930; 48200;
44.570; 38.070; 47900;
48.350; 40.030; 47800;
53.370; 51.350; 47800;
60.020; 30.680; 47800;
53.620; 87.350; 47400;
48.180; 40.790; 47300;
54.070; 44.930; 47300;
55.510; 47.470; 47300;
57.040; 34.970; 47300;
55.450; 78.320; 47000;
65.530; 72.520; 47000;
53.090; 91.400; 46800;
56.300; 39.380; 46800;
55.670; 86.260; 46500;
52.490; 39.940; 46100;
45.020; 39.110; 45900;
56.770; 105.650; 45900;
43.750; 44.650; 45600;
53.270; 36.550; 45600;
56.450; 52.190; 45500;
56.910; 60.800; 45500;
46.100; 38.900; 45300;
54.630; 21.810; 45300;
53.790; 81.340; 44900;
54.980; 60.370; 44800;
55.150; 33.220; 44800;
44.880; 40.600; 44600;
47.890; 40.080; 44600;
50.220; 136.900; 44600;
56.210; 87.750; 44500;
59.930; 32.340; 44400;
50.410; 36.900; 44300;
53.700; 87.800; 44100;
60.730; 77.590; 44100;
65.150; 57.210; 44100;
45.210; 39.690; 44000;
52.670; 41.900; 43900;
53.150; 38.130; 43800;
55.630; 37.840; 43800;
59.740; 30.090; 43800;
52.210; 104.100; 43700;
48.280; 46.170; 43600;
52.260; 43.790; 43400;
59.990; 29.770; 43400;
55.070; 21.880; 43300;
55.700; 60.560; 42800;
51.590; 35.650; 42700;
53.180; 158.380; 42700;
60.090; 29.950; 42700;
65.920; 57.410; 42700;
42.560; 47.860; 42500;
43.130; 45.540; 42500;
56.600; 57.760; 42500;
58.700; 59.490; 42400;
52.540; 31.930; 42000;
56.640; 43.410; 42000;
57.850; 61.690; 42000;
56.730; 38.850; 41900;
50.780; 42.000; 41800;
59.460; 40.120; 41700;
62.540; 113.960; 41700;
43.150; 45.900; 41600;
44.460; 39.730; 41300;
43.130; 133.130; 41100;
53.450; 41.810; 41100;
54.890; 61.400; 41100;
53.990; 102.100; 40900;
61.310; 47.130; 40900;
44.410; 43.880; 40800;
54.840; 38.170; 40800;
54.850; 46.600; 40800;
60.150; 30.200; 40800;
45.470; 39.450; 40700;
57.890; 39.550; 40700;
57.670; 63.060; 40600;
59.550; 30.880; 40600;
52.010; 48.800; 40500;
53.870; 34.450; 40500;
58.740; 29.840; 40300;
50.640; 38.700; 40200;
56.700; 36.770; 40200;
55.420; 55.540; 40100;
49.770; 43.650; 40000;
55.320; 52.060; 40000;
55.540; 89.200; 40000;
47.260; 39.870; 39900;
45.370; 41.710; 39700;
45.480; 133.420; 39700;
60.130; 64.760; 39700;
64.430; 40.830; 39700;
51.470; 58.460; 39600;
66.530; 66.600; 39200;
45.340; 42.850; 38900;
43.690; 43.540; 38800;
58.050; 65.260; 38700;
46.310; 39.390; 38600;
56.250; 42.170; 38600;
43.540; 44.580; 38500;
54.440; 61.260; 38400;
56.220; 51.080; 38400;
57.370; 61.400; 38300;
57.530; 38.330; 38300;
48.930; 40.390; 38000;
53.190; 44.040; 38000;
57.210; 41.930; 37900;
45.100; 41.050; 37700;
57.250; 41.100; 37700;
54.080; 34.310; 37300;
54.900; 99.030; 37200;
66.040; 60.170; 37200;
67.160; 32.410; 37200;
54.300; 59.460; 37100;
44.540; 135.510; 37000;
43.590; 43.760; 36900;
43.200; 44.540; 36800;
56.100; 43.520; 36800;
43.120; 132.360; 36500;
55.170; 124.720; 36400;
59.910; 29.750; 36400;
45.140; 39.000; 36300;
56.910; 62.030; 36300;
54.870; 37.220; 36200;
55.410; 42.530; 36200;
61.170; 75.390; 36000;
63.780; 73.500; 36000;
44.020; 43.090; 35900;
54.820; 58.460; 35900;
59.100; 28.070; 35900;
50.210; 38.100; 35800;
55.930; 97.990; 35800;
45.270; 37.380; 35600;
46.640; 142.780; 35500;
45.360; 40.710; 35200;
55.920; 36.860; 35200;
43.360; 46.110; 35100;
52.470; 44.220; 35100;
50.870; 39.080; 34900;
51.320; 39.220; 34900;
56.670; 66.300; 34900;
56.850; 40.540; 34900;
60.150; 59.960; 34900;
45.100; 43.440; 34800;
54.940; 41.390; 34700;
58.460; 56.410; 34700;
54.650; 19.910; 34600;
45.220; 39.230; 34500;
53.000; 78.670; 34500;
54.430; 50.770; 34500;
54.860; 53.070; 34400;
55.040; 55.980; 34400;
53.230; 50.650; 34100;
56.510; 56.070; 34000;
61.580; 72.310; 34000;
44.090; 41.970; 33900;
52.320; 45.380; 33900;
55.480; 37.310; 33800;
55.490; 46.420; 33800;
53.930; 102.040; 33400;
63.750; 34.330; 33300;
44.870; 38.160; 33100;
58.290; 59.750; 33000;
62.200; 34.280; 33000;
56.060; 60.230; 32900;
43.210; 46.870; 32800;
57.190; 39.400; 32800;
57.990; 31.360; 32700;
55.500; 36.030; 32600;
51.710; 46.720; 32500;
53.600; 34.340; 32500;
54.970; 39.040; 32400;
57.360; 61.870; 32400;
43.300; 44.900; 32200;
51.400; 46.030; 32200;
58.720; 50.190; 32200;
47.050; 142.060; 32100;
55.000; 57.270; 32000;
60.770; 46.300; 32000;
46.040; 38.180; 31900;
55.010; 36.470; 31900;
53.970; 38.530; 31700;
58.870; 57.590; 31700;
52.590; 41.510; 31600;
53.970; 38.320; 31500;
56.650; 43.480; 31300;
46.130; 39.790; 31100;
50.380; 116.520; 30900;
56.780; 62.050; 30900;
54.750; 61.300; 30800;
61.310; 63.330; 30800;
55.700; 38.960; 30600;
55.350; 78.350; 30500;
55.960; 92.360; 30500;
46.530; 39.050; 30400;
56.130; 93.360; 30300;
57.880; 34.990; 30200;
51.420; 57.580; 30100;
55.580; 39.540; 30100;
55.660; 37.940; 30100;
46.560; 39.640; 29900;
48.580; 45.750; 29900;
55.830; 37.260; 29900;
48.970; 140.280; 29700;
52.430; 53.170; 29700;
61.330; 44.540; 29700;
59.010; 54.660; 29600;
48.350; 41.830; 29500;
50.820; 40.610; 29500;
55.490; 54.880; 29500;
59.760; 60.010; 29500;
53.050; 60.670; 29400;
53.770; 38.120; 29400;
56.280; 86.600; 29400;
54.150; 33.280; 29300;
61.230; 73.330; 29300;
46.850; 40.310; 29100;
67.610; 33.670; 29100;
43.680; 44.070; 29000;
44.670; 44.920; 29000;
45.360; 38.210; 29000;
44.100; 43.090; 28900;
54.350; 41.910; 28900;
54.590; 22.200; 28900;
45.720; 42.900; 28700;
56.930; 41.090; 28500;
44.660; 41.830; 28400;
53.630; 52.130; 28400;
51.160; 55.000; 28300;
58.310; 82.910; 28300;
45.930; 133.720; 28100;
69.380; 87.740; 28100;
44.710; 43.000; 28000;
64.680; 30.820; 28000;
66.660; 66.420; 28000;
48.710; 43.500; 27900;
42.120; 48.180; 27700;
52.850; 32.680; 27600;
63.600; 53.880; 27600;
51.990; 42.260; 27500;
44.630; 39.130; 27400;
52.490; 82.780; 27400;
55.500; 37.560; 27400;
51.480; 57.350; 27300;
53.730; 78.030; 27300;
55.870; 37.120; 27200;
56.840; 62.710; 27200;
58.350; 60.050; 27200;
51.880; 45.000; 27100;
53.570; 142.950; 27100;
56.280; 54.930; 27100;
56.900; 74.370; 27100;
57.780; 36.700; 27100;
55.550; 35.000; 27000;
43.300; 45.870; 26900;
56.570; 104.120; 26900;
51.690; 39.020; 26800;
55.580; 36.690; 26800;
57.100; 41.730; 26700;
56.810; 61.330; 26600;
42.980; 132.400; 26500;
45.490; 41.220; 26500;
53.140; 140.720; 26500;
57.000; 86.150; 26400;
54.290; 85.940; 26300;
57.490; 60.210; 26200;
58.310; 48.320; 26200;
54.580; 86.240; 26100;
44.990; 38.940; 26000;
56.100; 38.130; 26000;
58.480; 41.530; 26000;
58.600; 125.390; 26000;
44.410; 40.790; 25800;
50.300; 44.820; 25800;
50.460; 40.110; 25800;
54.920; 71.270; 25700;
53.500; 87.280; 25600;
61.070; 42.100; 25600;
53.750; 127.270; 25500;
59.800; 30.580; 25500;
51.020; 45.700; 25000;
54.770; 38.880; 25000;
59.870; 31.000; 25000;
53.940; 37.920; 24800;
56.510; 66.540; 24800;
54.850; 38.540; 24600;
51.280; 106.500; 24500;
54.940; 58.170; 24500;
45.360; 40.190; 24400;
56.090; 101.250; 24400;
57.460; 40.570; 24400;
56.220; 32.780; 24300;
53.170; 48.640; 24200;
55.220; 75.970; 24200;
55.650; 109.320; 24200;
56.800; 44.490; 24200;
58.670; 52.180; 24200;
61.360; 63.580; 24200;
57.870; 34.050; 24100;
48.020; 40.120; 23900;
55.180; 36.660; 23800;
56.060; 85.620; 23700;
53.010; 39.140; 23600;
69.410; 86.180; 23600;
44.110; 42.970; 23500;
44.140; 43.020; 23500;
58.370; 45.510; 23500;
43.960; 43.630; 23400;
53.830; 39.580; 23400;
54.990; 82.710; 23400;
56.210; 89.520; 23400;
68.150; 33.300; 23400;
55.870; 38.200; 23300;
43.780; 41.910; 23200;
51.690; 35.280; 23200;
54.220; 55.050; 23200;
55.050; 74.570; 23200;
47.520; 40.810; 23100;
57.350; 28.320; 23100;
44.390; 41.520; 22900;
44.840; 38.580; 22900;
52.980; 49.430; 22900;
58.630; 59.800; 22900;
60.730; 114.930; 22900;
44.850; 38.680; 22800;
51.350; 48.250; 22800;
54.380; 53.280; 22800;
49.770; 129.420; 22700;
53.520; 43.680; 22700;
55.890; 52.320; 22700;
56.030; 45.040; 22700;
45.240; 38.980; 22600;
53.710; 46.080; 22600;
53.250; 39.150; 22500;
54.940; 58.800; 22500;
55.670; 39.880; 22500;
59.220; 38.500; 22500;
45.800; 39.000; 22300;
57.440; 60.060; 22300;
43.220; 44.820; 22200;
43.660; 43.540; 22200;
44.430; 39.530; 22200;
52.780; 87.880; 22100;
59.520; 34.170; 22100;
53.070; 158.620; 22000;
55.600; 37.180; 22000;
63.920; 38.080; 22000;
43.480; 44.140; 21900;
59.060; 57.640; 21900;
51.640; 39.420; 21800;
54.680; 20.130; 21800;
56.500; 60.810; 21800;
43.200; 46.090; 21700;
54.580; 55.380; 21700;
56.040; 93.140; 21700;
57.280; 55.430; 21700;
55.530; 45.470; 21500;
55.840; 38.190; 21400;
56.340; 46.570; 21400;
43.860; 41.590; 21300;
55.880; 38.790; 21300;
58.080; 54.650; 21300;
60.730; 33.560; 21300;
64.460; 76.620; 21300;
46.480; 134.240; 21200;
54.430; 83.370; 21200;
55.240; 84.390; 21200;
56.170; 38.870; 21200;
52.900; 78.580; 21100;
53.710; 40.070; 21100;
56.000; 38.370; 21100;
61.030; 30.120; 21100;
50.760; 37.870; 21000;
59.780; 30.820; 21000;
61.700; 30.680; 21000;
42.970; 44.210; 20900;
54.120; 36.490; 20900;
54.010; 43.640; 20800;
55.800; 38.170; 20800;
57.560; 53.040; 20800;
48.610; 42.850; 20700;
53.900; 53.930; 20700;
61.670; 40.200; 20700;
43.300; 45.010; 20600;
54.950; 48.280; 20600;
54.070; 54.930; 20400;
57.670; 46.620; 20400;
48.810; 44.510; 20300;
52.000; 127.700; 20300;
56.250; 38.000; 20300;
43.420; 42.920; 20200;
46.820; 134.260; 20200;
53.700; 53.670; 20200;
60.690; 60.420; 20200;
51.100; 40.030; 20000;
44.040; 42.900; 19900;
55.980; 40.020; 19900;
60.920; 34.190; 19900;
54.040; 39.780; 19800;
56.990; 60.470; 19800;
50.430; 41.010; 19700;
55.340; 59.440; 19700;
46.700; 41.720; 19600;
46.870; 42.050; 19600;
51.490; 40.430; 19600;
52.050; 39.720; 19600;
55.750; 37.900; 19600;
58.450; 92.160; 19600;
43.280; 43.130; 19500;
54.830; 37.600; 19500;
63.710; 66.370; 19500;
51.280; 108.830; 19400;
45.030; 38.800; 19300;
45.950; 40.700; 19300;
47.580; 41.090; 19300;
53.820; 83.560; 19300;
57.150; 33.100; 19300;
53.530; 33.720; 19200;
54.230; 83.370; 19200;
54.730; 39.510; 19200;
55.520; 86.090; 19200;
55.580; 38.910; 19200;
57.940; 55.330; 19200;
43.160; 46.000; 19100;
54.040; 35.780; 19100;
54.750; 58.200; 19100;
55.430; 38.270; 19100;
47.630; 43.150; 19000;
50.790; 36.480; 19000;
53.120; 34.990; 19000;
56.500; 39.670; 19000;
67.560; 30.470; 19000;
50.530; 42.680; 18900;
55.890; 60.760; 18900;
55.950; 37.300; 18900;
46.630; 38.670; 18800;
56.990; 52.190; 18800;
64.920; 77.790; 18800;
45.580; 39.660; 18700;
51.870; 36.910; 18600;
53.360; 34.110; 18600;
43.180; 44.290; 18500;
44.850; 38.300; 18500;
53.850; 46.360; 18500;
55.910; 94.890; 18500;
44.030; 43.050; 18400;
44.120; 43.400; 18400;
57.300; 47.880; 18400;
49.080; 140.250; 18300;
53.330; 91.940; 18300;
57.020; 63.710; 18300;
57.300; 39.850; 18300;
44.900; 38.840; 18200;
44.930; 38.900; 18200;
46.560; 40.650; 18200;
51.030; 59.880; 18200;
52.820; 51.200; 18200;
53.250; 83.690; 18200;
53.470; 51.500; 18200;
56.520; 53.000; 18200;
57.970; 33.250; 18200;
67.650; 53.050; 18200;
43.310; 132.080; 18100;
50.350; 106.450; 18100;
55.650; 37.860; 18100;
55.880; 53.930; 18100;
58.340; 44.760; 18100;
58.380; 42.350; 18100;
46.070; 40.870; 18000;
51.500; 44.470; 18000;
51.680; 39.060; 18000;
58.050; 63.700; 18000;
47.150; 42.460; 17900;
47.410; 47.260; 17900;
52.580; 32.760; 17900;
51.660; 103.710; 17800;
55.540; 37.070; 17800;
56.090; 49.880; 17800;
69.410; 30.800; 17800;
55.230; 63.300; 17700;
51.460; 41.970; 17600;
54.480; 37.700; 17600;
43.190; 45.290; 17500;
44.850; 38.390; 17500;
54.170; 37.560; 17500;
55.720; 53.100; 17500;
57.580; 48.960; 17500;
58.080; 60.730; 17500;
51.200; 42.250; 17400;
53.650; 47.130; 17400;
54.910; 64.430; 17400;
55.650; 38.020; 17400;
57.090; 61.680; 17400;
57.380; 41.290; 17400;
52.590; 58.320; 17300;
52.660; 42.710; 17300;
52.660; 90.090; 17300;
55.680; 84.390; 17300;
57.440; 41.160; 17300;
60.400; 57.080; 17300;
67.590; 63.800; 17300;
44.190; 42.650; 17200;
46.670; 141.860; 17200;
51.790; 56.360; 17200;
53.710; 37.290; 17200;
55.600; 36.470; 17200;
56.030; 29.920; 17200;
59.480; 33.850; 17200;
54.170; 48.380; 17100;
54.920; 85.640; 17100;
59.500; 34.960; 17100;
50.980; 44.770; 17000;
59.620; 30.400; 17000;
45.450; 39.030; 16900;
55.530; 42.200; 16900;
68.830; 32.660; 16900;
69.200; 33.450; 16900;
54.920; 82.980; 16800;
56.240; 96.060; 16800;
59.130; 31.660; 16800;
43.230; 45.030; 16700;
50.050; 46.880; 16700;
55.320; 89.820; 16700;
43.240; 46.000; 16600;
54.350; 38.270; 16600;
54.370; 60.810; 16600;
54.810; 35.930; 16600;
55.710; 38.340; 16600;
58.180; 40.180; 16500;
66.000; 111.500; 16500;
56.020; 39.950; 16400;
56.180; 50.890; 16400;
56.630; 47.820; 16400;
62.590; 50.860; 16400;
49.220; 143.120; 16300;
50.460; 48.140; 16300;
51.570; 34.680; 16300;
54.030; 38.400; 16300;
55.020; 82.190; 16300;
56.150; 37.930; 16300;
62.920; 34.450; 16300;
44.270; 135.050; 16200;
48.690; 44.400; 16200;
50.020; 45.430; 16200;
50.540; 36.700; 16200;
45.850; 41.520; 16100;
52.930; 33.460; 16100;
55.480; 60.220; 16100;
55.840; 48.750; 16100;
56.030; 35.970; 16100;
46.110; 48.070; 16000;
58.880; 40.250; 16000;
43.470; 132.300; 15900;
47.530; 39.420; 15900;
52.010; 106.800; 15900;
61.120; 28.850; 15900;
69.410; 30.220; 15900;
45.370; 44.220; 15800;
52.000; 116.550; 15800;
52.580; 33.770; 15800;
55.600; 37.360; 15800;
57.360; 37.610; 15800;
43.120; 44.710; 15700;
45.910; 43.350; 15700;
54.360; 77.280; 15700;
57.990; 52.990; 15700;
59.770; 30.470; 15700;
55.390; 37.810; 15600;
55.880; 85.430; 15600;
56.090; 99.650; 15600;
42.730; 133.080; 15500;
50.990; 81.470; 15500;
54.650; 21.070; 15500;
55.000; 57.690; 15500;
56.700; 60.830; 15500;
57.850; 114.190; 15500;
58.600; 35.800; 15500;
43.220; 46.200; 15400;
45.430; 41.980; 15400;
47.320; 40.400; 15400;
49.060; 44.810; 15400;
55.340; 41.630; 15400;
55.910; 39.180; 15400;
56.320; 38.700; 15400;
57.880; 54.700; 15400;
48.710; 45.200; 15300;
51.850; 41.460; 15300;
54.100; 35.340; 15300;
54.320; 40.880; 15300;
55.930; 39.470; 15300;
56.290; 62.580; 15300;
56.380; 38.570; 15300;
57.040; 65.730; 15300;
62.260; 73.180; 15300;
43.940; 42.510; 15200;
47.650; 42.100; 15200;
52.050; 85.920; 15200;
52.580; 78.950; 15200;
53.450; 34.410; 15200;
53.810; 36.130; 15200;
55.610; 36.980; 15200;
43.220; 44.630; 15100;
44.870; 40.070; 15100;
50.940; 37.810; 15100;
55.470; 38.490; 15100;
56.700; 60.100; 15100;
48.710; 44.570; 15000;
54.680; 35.940; 15000;
67.410; 32.500; 15000;
45.310; 39.940; 14900;
47.290; 39.500; 14900;
53.790; 82.310; 14900;
59.160; 57.570; 14900;
47.070; 39.560; 14800;
50.950; 43.730; 14800;
52.800; 104.750; 14800;
51.510; 104.150; 14700;
53.330; 82.980; 14700;
55.330; 38.730; 14700;
58.690; 99.180; 14700;
66.420; 112.400; 14700;
46.320; 39.970; 14600;
47.530; 134.750; 14600;
56.120; 88.510; 14600;
47.560; 38.870; 14500;
51.000; 55.620; 14500;
53.850; 91.370; 14500;
54.910; 61.460; 14500;
55.020; 52.740; 14500;
41.460; 47.730; 14400;
45.120; 37.650; 14400;
50.150; 45.200; 14400;
50.950; 46.970; 14400;
53.320; 83.640; 14400;
53.880; 51.220; 14400;
55.030; 61.380; 14400;
59.060; 60.600; 14400;
51.940; 43.500; 14300;
54.840; 56.440; 14300;
56.580; 42.010; 14300;
43.600; 46.780; 14200;
48.710; 44.870; 14200;
50.620; 35.990; 14200;
51.400; 46.870; 14200;
53.090; 103.330; 14200;
55.620; 38.000; 14200;
43.190; 44.910; 14100;
54.250; 86.100; 14100;
55.420; 51.330; 14100;
56.260; 62.920; 14100;
59.680; 30.450; 14100;
51.120; 133.020; 14000;
52.380; 32.190; 14000;
54.870; 43.810; 14000;
42.870; 131.370; 13900;
44.900; 37.380; 13900;
51.210; 36.450; 13900;
53.920; 40.010; 13900;
54.110; 37.600; 13900;
57.240; 37.840; 13900;
69.260; 33.350; 13900;
42.970; 47.350; 13800;
43.160; 45.620; 13800;
51.730; 39.360; 13800;
55.140; 61.690; 13800;
55.820; 37.870; 13800;
56.760; 60.820; 13800;
44.340; 132.590; 13700;
49.940; 40.560; 13700;
51.850; 116.030; 13700;
51.950; 85.330; 13700;
53.900; 92.670; 13700;
58.370; 33.300; 13700;
60.140; 32.570; 13700;
44.180; 43.500; 13600;
50.590; 137.030; 13600;
55.860; 47.470; 13600;
56.200; 86.440; 13600;
58.850; 32.200; 13600;
42.710; 47.560; 13500;
45.390; 47.370; 13500;
48.480; 44.790; 13500;
51.950; 81.770; 13500;
55.040; 44.490; 13500;
56.190; 42.700; 13500;
56.350; 41.000; 13500;
43.510; 43.700; 13400;
51.600; 116.630; 13400;
51.990; 84.990; 13400;
52.830; 34.500; 13400;
64.950; 34.570; 13400;
43.260; 46.250; 13300;
45.430; 37.960; 13300;
45.480; 38.660; 13300;
50.530; 116.300; 13300;
53.390; 33.220; 13300;
54.520; 86.370; 13300;
54.860; 58.420; 13300;
54.980; 33.330; 13300;
55.520; 36.970; 13300;
55.710; 51.410; 13300;
56.380; 68.380; 13300;
56.500; 31.630; 13300;
47.400; 40.260; 13200;
53.230; 40.300; 13200;
53.240; 39.960; 13200;
54.450; 45.820; 13200;
44.160; 133.870; 13100;
45.430; 38.730; 13100;
51.110; 40.730; 13100;
52.490; 48.100; 13100;
54.340; 84.210; 13100;
55.760; 48.200; 13100;
56.450; 38.220; 13100;
56.710; 28.650; 13100;
56.760; 43.240; 13100;
63.860; 57.310; 13100;
47.700; 40.100; 13000;
52.090; 53.640; 13000;
54.430; 86.420; 13000;
54.600; 61.220; 13000;
58.290; 56.410; 13000;
45.260; 41.340; 12900;
46.120; 38.970; 12900;
50.120; 129.450; 12900;
56.420; 58.530; 12900;
56.730; 37.530; 12900;
58.390; 45.450; 12900;
43.340; 44.200; 12800;
45.120; 39.420; 12800;
48.150; 40.190; 12800;
55.810; 94.310; 12800;
41.880; 48.390; 12700;
42.870; 132.680; 12700;
47.420; 38.900; 12700;
54.580; 73.630; 12700;
55.700; 36.200; 12700;
56.050; 59.600; 12700;
57.480; 42.140; 12700;
57.790; 108.110; 12700;
59.860; 30.050; 12700;
59.950; 31.030; 12700;
62.100; 129.760; 12700;
51.180; 90.600; 12600;
54.960; 20.490; 12600;
55.030; 22.030; 12600;
58.520; 49.450; 12600;
41.680; 48.140; 12500;
44.420; 131.380; 12500;
49.700; 39.860; 12500;
55.950; 40.860; 12500;
56.300; 37.480; 12500;
61.570; 31.480; 12500;
43.210; 46.040; 12400;
52.570; 34.580; 12400;
54.230; 39.020; 12400;
55.570; 71.330; 12400;
55.990; 43.270; 12400;
57.820; 27.600; 12400;
61.240; 46.910; 12400;
43.530; 43.570; 12300;
45.210; 37.140; 12300;
51.860; 40.810; 12300;
54.000; 90.250; 12300;
56.190; 92.670; 12300;
57.270; 61.990; 12300;
47.670; 40.210; 12200;
49.080; 142.030; 12200;
51.100; 114.530; 12200;
53.730; 119.770; 12200;
53.890; 56.470; 12200;
42.380; 47.900; 12100;
43.350; 132.110; 12100;
44.880; 39.190; 12100;
50.090; 136.510; 12100;
56.570; 37.430; 12100;
58.560; 57.840; 12100;
60.080; 30.260; 12100;
42.760; 47.160; 12000;
44.050; 44.450; 12000;
46.320; 38.960; 12000;
47.640; 40.870; 12000;
49.300; 43.980; 12000;
54.150; 74.800; 12000;
54.570; 54.120; 12000;
56.100; 40.270; 12000;
56.250; 54.180; 12000;
56.260; 51.280; 12000;
57.460; 45.780; 12000;
58.380; 58.320; 12000;
64.530; 34.770; 12000;
43.060; 44.820; 11900;
50.480; 37.860; 11900;
51.670; 115.630; 11900;
53.440; 44.620; 11900;
53.580; 83.770; 11900;
54.890; 37.130; 11900;
56.650; 59.290; 11900;
56.760; 61.380; 11900;
57.380; 59.960; 11900;
59.450; 29.500; 11900;
60.620; 47.270; 11900;
43.080; 44.640; 11800;
43.160; 44.160; 11800;
44.830; 41.400; 11800;
48.870; 44.760; 11800;
49.750; 129.680; 11800;
51.670; 45.630; 11800;
52.530; 117.000; 11800;
53.500; 42.620; 11800;
54.920; 48.830; 11800;
55.060; 61.620; 11800;
55.970; 48.020; 11800;
56.090; 74.620; 11800;
57.130; 35.460; 11800;
45.390; 39.390; 11700;
45.450; 40.670; 11700;
50.380; 103.270; 11700;
54.950; 20.220; 11700;
55.310; 37.530; 11700;
55.960; 94.700; 11700;
57.330; 43.110; 11700;
59.200; 37.150; 11700;
59.390; 35.940; 11700;
60.970; 40.260; 11700;
62.080; 32.350; 11700;
43.220; 46.870; 11600;
43.250; 45.910; 11600;
43.600; 43.600; 11600;
46.290; 39.820; 11600;
50.900; 142.160; 11600;
51.530; 92.800; 11600;
52.830; 79.870; 11600;
54.060; 35.960; 11600;
55.070; 67.860; 11600;
55.130; 37.950; 11600;
58.840; 50.840; 11600;
59.350; 30.080; 11600;
60.200; 29.690; 11600;
69.190; 33.230; 11600;
69.400; 32.440; 11600;
43.680; 43.460; 11500;
46.200; 41.080; 11500;
47.350; 142.800; 11500;
52.920; 36.020; 11500;
54.330; 48.830; 11500;
54.700; 44.850; 11500;
54.770; 20.610; 11500;
54.930; 33.290; 11500;
55.030; 36.740; 11500;
55.100; 80.960; 11500;
55.870; 72.200; 11500;
58.400; 51.130; 11500;
59.600; 65.930; 11500;
42.660; 46.220; 11400;
44.740; 44.200; 11400;
44.820; 44.660; 11400;
48.200; 41.280; 11400;
51.060; 128.210; 11400;
51.820; 79.720; 11400;
53.020; 32.390; 11400;
53.450; 36.020; 11400;
55.730; 36.850; 11400;
56.030; 47.300; 11400;
56.370; 75.250; 11400;
57.770; 29.530; 11400;
43.290; 45.300; 11300;
43.500; 43.560; 11300;
51.620; 114.350; 11300;
52.170; 82.230; 11300;
55.300; 83.610; 11300;
55.750; 38.840; 11300;
56.280; 42.930; 11300;
43.200; 46.130; 11200;
43.620; 43.330; 11200;
44.680; 39.960; 11200;
44.740; 132.060; 11200;
45.210; 37.890; 11200;
46.530; 41.030; 11200;
52.560; 33.260; 11200;
55.130; 54.660; 11200;
55.650; 37.980; 11200;
56.230; 43.190; 11200;
63.870; 34.320; 11200;
43.070; 44.740; 11100;
43.430; 43.580; 11100;
46.140; 41.970; 11100;
47.880; 134.950; 11100;
48.520; 40.330; 11100;
49.390; 40.280; 11100;
51.680; 94.730; 11100;
52.030; 80.380; 11100;
54.170; 86.470; 11100;
55.670; 89.100; 11100;
58.380; 97.450; 11100;
59.420; 30.350; 11100;
44.270; 43.760; 11000;
44.420; 132.100; 11000;
44.460; 42.510; 11000;
51.160; 82.200; 11000;
51.380; 58.980; 11000;
53.450; 125.800; 11000;
55.210; 36.490; 11000;
56.100; 92.870; 11000;
56.630; 36.280; 11000;
58.280; 43.880; 11000;
58.850; 36.430; 11000;
62.370; 50.060; 11000;
63.640; 54.860; 11000;
45.060; 39.310; 10900;
52.950; 88.030; 10900;
53.000; 60.570; 10900;
54.050; 38.470; 10900;
54.580; 53.450; 10900;
54.850; 52.370; 10900;
55.080; 61.800; 10900;
55.610; 38.850; 10900;
55.940; 37.340; 10900;
56.970; 65.770; 10900;
57.110; 49.990; 10900;
59.180; 61.840; 10900;
65.920; 74.830; 10900;
67.600; 64.120; 10900;
43.100; 44.640; 10800;
45.410; 40.440; 10800;
46.930; 39.680; 10800;
49.000; 131.080; 10800;
52.980; 84.660; 10800;
54.050; 37.530; 10800;
54.830; 38.280; 10800;
56.430; 40.440; 10800;
57.470; 41.960; 10800;
59.330; 52.270; 10800;
59.370; 28.220; 10800;
59.960; 40.190; 10800;
61.000; 36.400; 10800;
43.210; 46.280; 10700;
43.240; 45.180; 10700;
46.530; 48.340; 10700;
46.690; 47.850; 10700;
51.920; 108.030; 10700;
54.430; 36.050; 10700;
55.930; 37.850; 10700;
56.860; 59.050; 10700;
57.970; 61.660; 10700;
43.120; 45.730; 10600;
43.260; 45.540; 10600;
44.110; 40.770; 10600;
44.510; 40.180; 10600;
45.340; 39.080; 10600;
47.770; 40.140; 10600;
51.040; 36.730; 10600;
54.000; 79.240; 10600;
54.870; 61.170; 10600;
55.110; 55.350; 10600;
56.070; 37.850; 10600;
56.130; 38.450; 10600;
57.060; 63.730; 10600;
58.360; 59.820; 10600;
61.500; 38.970; 10600;
67.940; 34.560; 10600;
45.370; 38.440; 10500;
51.350; 110.450; 10500;
54.440; 61.360; 10500;
54.580; 33.190; 10500;
55.070; 57.560; 10500;
55.200; 80.280; 10500;
55.310; 82.740; 10500;
55.610; 37.970; 10500;
56.320; 36.550; 10500;
57.040; 34.180; 10500;
58.500; 31.220; 10500;
60.040; 37.790; 10500;
42.940; 47.490; 10400;
43.950; 131.620; 10400;
53.210; 34.670; 10400;
54.340; 101.500; 10400;
54.790; 38.270; 10400;
55.060; 61.540; 10400;
55.130; 83.870; 10400;
58.130; 30.330; 10400;
58.160; 59.700; 10400;
43.310; 45.160; 10300;
43.490; 44.580; 10300;
44.230; 43.350; 10300;
44.700; 45.450; 10300;
45.100; 38.650; 10300;
45.240; 39.800; 10300;
47.400; 40.170; 10300;
52.420; 60.340; 10300;
55.600; 37.170; 10300;
56.070; 37.500; 10300;
57.900; 53.720; 10300;
59.340; 57.260; 10300;
59.980; 31.030; 10300;
62.720; 40.280; 10300;
68.920; 33.110; 10300;
43.270; 44.920; 10200;
44.110; 43.280; 10200;
49.920; 38.890; 10200;
51.830; 143.110; 10200;
53.150; 47.760; 10200;
54.430; 53.820; 10200;
54.940; 20.150; 10200;
55.210; 62.730; 10200;
56.030; 35.510; 10200;
59.930; 60.070; 10200;
59.970; 42.760; 10200;
64.750; 177.480; 10200;
43.170; 45.470; 10100;
43.750; 43.200; 10100;
43.900; 43.220; 10100;
44.780; 41.170; 10100;
50.930; 115.550; 10100;
53.450; 83.910; 10100;
53.880; 59.210; 10100;
54.010; 55.900; 10100;
54.420; 43.790; 10100;
55.150; 72.700; 10100;
55.490; 46.960; 10100;
55.940; 46.210; 10100;
57.140; 103.910; 10100;
57.560; 49.940; 10100;
59.480; 49.650; 10100;
43.510; 46.340; 10000;
43.680; 45.130; 10000;
49.580; 42.730; 10000;
50.830; 35.830; 10000;
51.850; 107.530; 10000;
52.270; 46.420; 10000;
52.340; 56.160; 10000;
52.380; 50.480; 10000;
52.970; 35.730; 10000;
54.370; 81.900; 10000;
55.000; 74.100; 10000;
55.490; 60.880; 10000;
56.760; 48.480; 10000;
58.680; 50.030; 10000;
60.250; 29.610; 10000;
60.380; 120.200; 10000;
61.480; 129.130; 10000;
61.800; 36.530; 10000;
45.200; 38.580; 9900;
49.170; 142.130; 9900;
51.280; 91.580; 9900;
52.170; 40.470; 9900;
53.230; 41.370; 9900;
54.080; 42.830; 9900;
54.300; 37.470; 9900;
55.210; 67.240; 9900;
56.850; 124.910; 9900;
59.750; 31.070; 9900;
61.970; 76.630; 9900;
47.960; 134.840; 9800;
49.420; 130.120; 9800;
50.150; 48.570; 9800;
50.980; 42.360; 9800;
51.530; 53.380; 9800;
52.380; 38.930; 9800;
53.400; 60.970; 9800;
55.240; 43.090; 9800;
55.520; 37.220; 9800;
56.160; 97.190; 9800;
56.340; 114.880; 9800;
56.440; 59.110; 9800;
56.950; 63.240; 9800;
60.090; 30.500; 9800;
61.080; 43.250; 9800;
63.280; 118.330; 9800;
43.190; 45.920; 9700;
46.090; 47.730; 9700;
50.370; 129.110; 9700;
52.320; 42.490; 9700;
54.090; 37.820; 9700;
54.580; 54.550; 9700;
54.820; 52.780; 9700;
55.310; 50.110; 9700;
55.500; 37.330; 9700;
55.530; 58.240; 9700;
56.110; 47.720; 9700;
56.900; 65.880; 9700;
57.900; 33.650; 9700;
63.760; 121.620; 9700;
43.170; 45.370; 9600;
44.250; 38.850; 9600;
45.290; 39.270; 9600;
46.420; 44.260; 9600;
46.510; 41.340; 9600;
48.540; 42.490; 9600;
49.630; 117.320; 9600;
53.400; 87.280; 9600;
53.560; 102.510; 9600;
53.980; 123.920; 9600;
54.420; 48.270; 9600;
54.720; 37.180; 9600;
54.950; 73.030; 9600;
56.280; 51.510; 9600;
56.680; 96.060; 9600;
58.950; 57.590; 9600;
59.630; 30.770; 9600;
44.190; 132.230; 9500;
51.880; 54.200; 9500;
53.250; 50.440; 9500;
53.310; 45.040; 9500;
53.380; 50.370; 9500;
53.940; 37.710; 9500;
54.230; 37.450; 9500;
54.430; 45.330; 9500;
54.840; 50.780; 9500;
55.180; 53.800; 9500;
55.190; 44.130; 9500;
56.120; 38.880; 9500;
56.520; 57.200; 9500;
56.550; 84.080; 9500;
56.980; 43.170; 9500;
60.100; 32.310; 9500;
60.980; 32.970; 9500;
65.970; 78.420; 9500;
45.210; 36.710; 9400;
45.320; 38.660; 9400;
47.840; 39.940; 9400;
48.270; 41.130; 9400;
49.630; 41.720; 9400;
50.760; 59.540; 9400;
52.320; 34.070; 9400;
52.500; 80.250; 9400;
54.400; 45.780; 9400;
54.950; 71.930; 9400;
55.280; 61.900; 9400;
55.360; 65.830; 9400;
55.600; 44.540; 9400;
55.760; 88.310; 9400;
56.260; 32.080; 9400;
56.430; 55.580; 9400;
56.480; 67.670; 9400;
56.550; 37.880; 9400;
57.600; 56.300; 9400;
58.250; 32.520; 9400;
59.780; 30.670; 9400;
61.620; 50.700; 9400;
43.920; 46.710; 9300;
45.300; 41.060; 9300;
50.590; 107.600; 9300;
51.320; 42.770; 9300;
52.330; 85.080; 9300;
53.210; 43.040; 9300;
54.490; 89.960; 9300;
55.450; 54.320; 9300;
56.340; 30.150; 9300;
57.120; 61.390; 9300;
57.530; 29.930; 9300;
57.800; 35.880; 9300;
64.480; 76.690; 9300;
42.170; 48.120; 9200;
43.230; 45.570; 9200;
43.370; 132.320; 9200;
44.810; 44.250; 9200;
46.400; 48.540; 9200;
51.930; 113.630; 9200;
52.720; 81.620; 9200;
52.820; 83.120; 9200;
54.960; 31.090; 9200;
55.180; 61.620; 9200;
55.630; 38.050; 9200;
55.960; 97.810; 9200;
57.830; 29.980; 9200;
57.860; 45.780; 9200;
43.130; 45.780; 9100;
43.370; 46.450; 9100;
45.020; 37.500; 9100;
45.680; 40.280; 9100;
51.170; 49.670; 9100;
51.230; 48.770; 9100;
52.270; 79.170; 9100;
54.070; 43.250; 9100;
54.150; 37.580; 9100;
54.870; 46.230; 9100;
55.980; 37.820; 9100;
56.410; 43.980; 9100;
58.030; 60.370; 9100;
59.780; 30.630; 9100;
62.060; 49.560; 9100;
43.880; 43.490; 9000;
45.090; 133.510; 9000;
45.140; 39.580; 9000;
45.270; 38.160; 9000;
48.350; 135.230; 9000;
48.410; 40.270; 9000;
48.730; 40.360; 9000;
51.750; 58.800; 9000;
51.780; 113.770; 9000;
53.030; 51.720; 9000;
54.920; 83.250; 9000;
55.090; 82.650; 9000;
55.800; 43.160; 9000;
56.070; 37.920; 9000;
56.200; 96.530; 9000;
56.430; 49.000; 9000;
57.030; 40.380; 9000;
43.200; 46.900; 8900;
43.650; 45.310; 8900;
43.930; 132.000; 8900;
44.080; 42.970; 8900;
44.760; 40.670; 8900;
47.170; 38.750; 8900;
51.280; 114.920; 8900;
53.210; 39.450; 8900;
54.400; 32.450; 8900;
54.460; 38.720; 8900;
55.290; 85.980; 8900;
55.300; 47.040; 8900;
55.590; 37.750; 8900;
55.840; 55.410; 8900;
55.930; 39.620; 8900;
58.050; 56.600; 8900;
63.190; 64.420; 8900;
64.570; 143.200; 8900;
43.150; 44.710; 8800;
43.700; 44.600; 8800;
43.910; 43.300; 8800;
45.270; 38.840; 8800;
45.920; 40.160; 8800;
48.290; 40.890; 8800;
50.820; 60.850; 8800;
53.080; 82.330; 8800;
53.280; 92.390; 8800;
53.950; 38.070; 8800;
54.220; 85.780; 8800;
55.880; 41.760; 8800;
56.500; 38.850; 8800;
60.050; 30.470; 8800;
42.910; 133.900; 8700;
43.230; 44.600; 8700;
43.420; 43.920; 8700;
43.960; 43.010; 8700;
44.200; 132.480; 8700;
44.750; 43.440; 8700;
48.470; 135.470; 8700;
52.390; 41.500; 8700;
52.420; 104.050; 8700;
54.940; 49.060; 8700;
55.220; 36.600; 8700;
55.340; 63.920; 8700;
55.800; 48.530; 8700;
56.520; 50.690; 8700;
62.160; 117.630; 8700;
62.160; 129.830; 8700;
69.050; 33.220; 8700;
43.580; 45.520; 8600;
45.110; 40.280; 8600;
49.030; 140.280; 8600;
50.790; 35.770; 8600;
52.880; 40.790; 8600;
53.600; 91.390; 8600;
54.150; 45.230; 8600;
54.410; 40.380; 8600;
54.720; 158.620; 8600;
55.830; 34.280; 8600;
55.990; 37.130; 8600;
56.160; 91.380; 8600;
56.510; 34.930; 8600;
56.650; 32.270; 8600;
56.820; 62.500; 8600;
43.060; 47.330; 8500;
44.830; 37.550; 8500;
45.840; 39.030; 8500;
51.180; 43.700; 8500;
55.310; 76.750; 8500;
57.970; 31.650; 8500;
42.450; 47.660; 8400;
43.300; 46.860; 8400;
44.100; 44.600; 8400;
44.870; 37.830; 8400;
45.730; 38.740; 8400;
48.350; 40.280; 8400;
52.720; 56.620; 8400;
53.580; 49.770; 8400;
53.870; 44.370; 8400;
53.920; 37.560; 8400;
55.680; 37.920; 8400;
57.220; 94.900; 8400;
57.940; 55.560; 8400;
59.060; 80.860; 8400;
43.070; 46.640; 8300;
44.370; 38.530; 8300;
45.790; 47.230; 8300;
48.230; 46.720; 8300;
50.650; 38.380; 8300;
51.920; 39.330; 8300;
52.840; 91.390; 8300;
54.270; 37.620; 8300;
55.150; 73.180; 8300;
56.930; 49.150; 8300;
57.020; 40.870; 8300;
58.970; 126.280; 8300;
62.700; 56.200; 8300;
42.570; 47.570; 8200;
42.960; 46.980; 8200;
43.110; 44.520; 8200;
43.300; 45.750; 8200;
43.340; 45.740; 8200;
43.350; 44.700; 8200;
43.500; 45.880; 8200;
43.620; 45.340; 8200;
44.850; 38.490; 8200;
49.780; 129.880; 8200;
52.960; 43.410; 8200;
53.240; 43.350; 8200;
53.540; 47.670; 8200;
53.700; 33.510; 8200;
55.630; 60.790; 8200;
56.780; 40.890; 8200;
58.360; 82.830; 8200;
59.280; 39.680; 8200;
59.500; 45.450; 8200;
42.900; 47.560; 8100;
43.440; 45.770; 8100;
44.790; 38.810; 8100;
44.790; 45.210; 8100;
47.410; 42.760; 8100;
48.200; 40.600; 8100;
49.770; 45.380; 8100;
49.880; 42.590; 8100;
50.170; 40.410; 8100;
50.600; 36.580; 8100;
52.120; 35.090; 8100;
53.910; 35.100; 8100;
53.940; 51.150; 8100;
54.280; 45.120; 8100;
55.270; 31.510; 8100;
55.720; 54.090; 8100;
55.930; 37.960; 8100;
55.950; 64.400; 8100;
56.230; 42.990; 8100;
56.290; 70.460; 8100;
56.910; 93.150; 8100;
56.930; 55.580; 8100;
58.270; 29.130; 8100;
58.670; 37.270; 8100;
59.190; 60.490; 8100;
60.500; 28.510; 8100;
61.660; 50.880; 8100;
41.280; 47.830; 8000;
42.430; 47.330; 8000;
43.070; 44.760; 8000;
43.350; 44.790; 8000;
43.440; 41.750; 8000;
43.880; 41.440; 8000;
44.160; 45.870; 8000;
44.990; 40.600; 8000;
45.210; 39.570; 8000;
47.080; 39.110; 8000;
50.350; 119.100; 8000;
52.920; 54.750; 8000;
53.030; 45.950; 8000;
53.270; 45.700; 8000;
54.150; 59.370; 8000;
54.200; 50.470; 8000;
54.980; 73.120; 8000;
55.910; 49.300; 8000;
55.990; 55.050; 8000;
57.510; 41.240; 8000;
61.520; 30.180; 8000;
62.720; 129.670; 8000;
67.470; 86.580; 8000;
42.880; 132.340; 7900;
43.340; 131.860; 7900;
43.540; 43.880; 7900;
43.860; 41.720; 7900;
44.030; 44.050; 7900;
45.330; 41.530; 7900;
47.250; 47.030; 7900;
48.060; 46.110; 7900;
50.800; 35.660; 7900;
50.850; 142.660; 7900;
51.520; 59.950; 7900;
53.200; 34.300; 7900;
53.590; 45.230; 7900;
53.680; 38.210; 7900;
53.960; 48.790; 7900;
53.990; 84.740; 7900;
54.180; 46.980; 7900;
54.790; 61.240; 7900;
54.860; 21.110; 7900;
54.960; 72.650; 7900;
55.090; 36.680; 7900;
55.610; 31.190; 7900;
55.620; 73.500; 7900;
56.070; 47.220; 7900;
57.150; 57.390; 7900;
58.540; 48.900; 7900;
59.870; 38.380; 7900;
50.950; 115.570; 7800;
52.700; 44.530; 7800;
53.060; 32.840; 7800;
53.610; 92.870; 7800;
54.370; 56.180; 7800;
54.630; 43.210; 7800;
54.740; 35.230; 7800;
55.010; 86.810; 7800;
55.110; 61.540; 7800;
55.390; 43.780; 7800;
55.620; 38.100; 7800;
55.880; 48.880; 7800;
56.260; 83.960; 7800;
56.740; 85.390; 7800;
58.740; 49.460; 7800;
58.780; 52.230; 7800;
60.720; 56.710; 7800;
60.970; 46.470; 7800;
43.080; 46.570; 7700;
43.160; 47.060; 7700;
50.670; 36.220; 7700;
51.060; 36.140; 7700;
51.750; 39.520; 7700;
51.840; 39.930; 7700;
52.170; 109.770; 7700;
52.540; 43.250; 7700;
54.970; 35.860; 7700;
55.390; 91.600; 7700;
55.400; 49.550; 7700;
56.030; 37.210; 7700;
56.840; 95.230; 7700;
58.440; 85.060; 7700;
63.430; 53.560; 7700;
66.800; 65.810; 7700;
42.690; 46.860; 7600;
42.700; 47.240; 7600;
43.800; 43.320; 7600;
43.930; 132.000; 7600;
44.790; 37.700; 7600;
46.720; 142.530; 7600;
48.670; 44.050; 7600;
50.800; 44.570; 7600;
51.740; 42.760; 7600;
51.850; 42.480; 7600;
52.210; 117.550; 7600;
53.490; 50.380; 7600;
53.630; 54.780; 7600;
54.380; 60.000; 7600;
56.000; 43.030; 7600;
56.010; 71.510; 7600;
56.130; 40.000; 7600;
56.240; 51.140; 7600;
59.830; 29.970; 7600;
42.970; 47.470; 7500;
43.040; 44.570; 7500;
43.680; 44.970; 7500;
43.690; 43.650; 7500;
44.860; 41.330; 7500;
45.380; 40.620; 7500;
46.560; 43.660; 7500;
50.100; 128.070; 7500;
50.600; 36.580; 7500;
51.080; 41.570; 7500;
51.620; 35.500; 7500;
51.730; 39.150; 7500;
51.880; 106.640; 7500;
52.230; 117.700; 7500;
52.340; 55.500; 7500;
52.820; 37.240; 7500;
54.020; 41.710; 7500;
54.420; 42.850; 7500;
55.370; 64.470; 7500;
55.550; 45.920; 7500;
55.670; 38.000; 7500;
55.950; 58.270; 7500;
56.550; 36.430; 7500;
57.130; 45.160; 7500;
57.710; 55.590; 7500;
61.470; 128.920; 7500;
63.940; 65.040; 7500;
43.060; 45.600; 7400;
43.190; 43.920; 7400;
43.200; 45.790; 7400;
43.550; 131.920; 7400;
48.550; 134.770; 7400;
50.700; 44.720; 7400;
51.100; 41.630; 7400;
51.550; 39.230; 7400;
51.560; 38.770; 7400;
51.660; 113.960; 7400;
51.670; 45.590; 7400;
52.090; 40.780; 7400;
52.150; 34.500; 7400;
52.190; 56.580; 7400;
52.850; 48.580; 7400;
52.960; 103.280; 7400;
53.430; 50.130; 7400;
54.120; 47.620; 7400;
54.400; 62.730; 7400;
55.300; 53.200; 7400;
56.170; 107.450; 7400;
56.280; 28.480; 7400;
56.280; 41.280; 7400;
56.920; 85.970; 7400;
57.720; 55.380; 7400;
57.890; 43.800; 7400;
58.030; 56.760; 7400;
58.250; 52.110; 7400;
58.400; 49.060; 7400;
58.860; 60.810; 7400;
65.970; 78.190; 7400;
43.420; 43.790; 7300;
44.550; 40.800; 7300;
44.900; 40.510; 7300;
49.750; 142.830; 7300;
50.610; 105.310; 7300;
51.070; 132.560; 7300;
51.530; 44.820; 7300;
52.830; 80.870; 7300;
53.080; 45.700; 7300;
53.450; 108.980; 7300;
55.600; 38.180; 7300;
55.750; 49.650; 7300;
55.940; 37.840; 7300;
56.220; 43.290; 7300;
57.310; 39.540; 7300;
57.900; 102.790; 7300;
58.770; 47.960; 7300;
59.790; 52.130; 7300;
62.000; 132.430; 7300;
44.300; 40.190; 7200;
45.650; 41.940; 7200;
46.630; 37.800; 7200;
49.630; 44.550; 7200;
51.550; 39.090; 7200;
51.660; 38.900; 7200;
51.760; 48.520; 7200;
53.130; 90.530; 7200;
53.930; 43.190; 7200;
54.010; 38.290; 7200;
54.490; 79.660; 7200;
55.460; 50.140; 7200;
56.010; 50.450; 7200;
56.070; 37.050; 7200;
56.300; 44.190; 7200;
56.470; 43.540; 7200;
56.790; 53.370; 7200;
57.750; 41.060; 7200;
59.170; 35.350; 7200;
62.940; 40.130; 7200;
43.160; 46.650; 7100;
43.270; 46.280; 7100;
44.050; 43.160; 7100;
45.010; 41.150; 7100;
45.270; 41.840; 7100;
45.980; 39.370; 7100;
51.230; 42.430; 7100;
52.860; 103.170; 7100;
53.960; 105.880; 7100;
54.390; 20.650; 7100;
57.000; 48.740; 7100;
59.400; 48.970; 7100;
